Date,IndexName,Open,High,Low,Close,Prediction,Realized,Profitable,TTM,MaxOIStrikeCall,MaxOICall,TotalOICall,VWStrikeCall,MaxOIStrikePut,MaxOIPut,TotalOIPut,VWStrikePut,IsTTM,OICallDiff,OIPutDiff,OI_Ratio,OI_Ratio_diff,Match,MoneylessCall,MoneylessPut
2021-03-02,發行量加權股價指數,15953.8,16262.91,15946.88,15946.88,,,,,,,,,,,,,,,,,,,,
2021-03-03,發行量加權股價指數,15946.88,16211.73,15884.55,16211.73,,,,,,,,,,,,,,,,,,,,
2021-03-04,發行量加權股價指數,16211.73,16211.73,15840.99,15906.41,,,,,,,,,,,,,,,,,,,,
2021-03-05,發行量加權股價指數,15906.41,15934.43,15636.43,15855.23,,,,,,,,,,,,,,,,,,,,
2021-03-08,發行量加權股價指數,15855.23,16074.97,15816.5,15820.11,,,,,,,,,,,,,,,,,,,,
2021-03-09,發行量加權股價指數,15820.11,15864.26,15657.92,15853.09,,,,,,,,,,,,,,,,,,,,
2021-03-10,發行量加權股價指數,15853.09,15986.07,15853.09,15911.67,,,,,,,,,,,,,,,,,,,,
2021-03-11,發行量加權股價指數,15911.67,16216.22,15911.67,16179.56,,,,,,,,,,,,,,,,,,,,
2021-03-12,發行量加權股價指數,16179.56,16298.03,16166.35,16255.18,,,,,,,,,,,,,,,,,,,,
2021-03-15,發行量加權股價指數,16255.18,16281.91,16194.91,16249.33,,,,,,,,,,,,,,,,,,,,
2021-03-16,發行量加權股價指數,16249.33,16340.66,16244.99,16313.16,,,,,,,,,,,,,,,,,,,,
2021-03-17,發行量加權股價指數,16313.16,16349.21,16166.35,16215.82,,,,,,,,,,,,,,,,,,,,
2021-03-18,發行量加權股價指數,16215.82,16410.02,16215.82,16287.84,,,,202104,17000.0,13378.0,66796.0,16845.45182346248,15000.0,11200.0,73272.0,15477.350147396004,0.0,,,-0.09,,,-0.04,0.09
2021-03-19,發行量加權股價指數,16287.84,16287.84,16022.17,16070.24,,,,202104,17000.0,13288.0,78528.0,16999.14425427873,15000.0,12310.0,79108.0,15357.44046114173,0.0,11732.0,5836.0,-0.01,0.08,,-0.05,0.07
2021-03-22,發行量加權股價指數,16070.24,16235.63,15983.77,16189.22,C > O,C > O,Earned,202104,17000.0,14478.0,86206.0,16975.233742430923,15000.0,13092.0,86968.0,15422.663508416888,0.0,7678.0,7860.0,-0.01,0.0,1.0,-0.05,0.08
2021-03-23,發行量加權股價指數,16189.22,16351.38,16166.29,16177.59,C < O,C < O,,202104,17000.0,15300.0,90638.0,16898.117787241554,15000.0,13644.0,90372.0,15501.431859425486,0.0,4432.0,3404.0,0.0,0.01,1.0,-0.05,0.08
2021-03-24,發行量加權股價指數,16177.59,16177.59,15967.95,16032.12,C > O,C < O,,202104,17000.0,15350.0,98932.0,16807.777058990014,15000.0,22740.0,103398.0,15436.847908083328,0.0,8294.0,13026.0,-0.04,-0.04,0.0,-0.06,0.07
2021-03-25,發行量加權股價指數,16032.12,16146.58,15944.96,16060.14,C < O,C > O,Earned,202104,17000.0,14542.0,105520.0,16846.565579984835,15000.0,24456.0,108662.0,15206.649978833448,0.0,6588.0,5264.0,-0.03,0.010000000000000002,0.0,-0.06,0.07
2021-03-26,發行量加權股價指數,16060.14,16325.62,16060.14,16305.88,C > O,C > O,Earned,202104,17000.0,15824.0,105240.0,16867.60167236792,15000.0,22868.0,111278.0,15369.32367583889,0.0,-280.0,2616.0,-0.05,-0.020000000000000004,1.0,-0.04,0.09
2021-03-29,發行量加權股價指數,16305.88,16520.89,16305.88,16475.97,,,,202104,17000.0,17678.0,104088.0,16885.24709860887,15000.0,22752.0,118182.0,15601.047536849943,0.0,-1152.0,6904.0,-0.12,-0.06999999999999999,,-0.03,0.1
2021-03-30,發行量加權股價指數,16475.97,16556.19,16438.4,16554.9,,,,202104,17000.0,17982.0,104906.0,16889.257049167827,15000.0,23118.0,123370.0,15617.36564805058,0.0,818.0,5188.0,-0.15,-0.03,,-0.03,0.1
2021-03-31,發行量加權股價指數,16554.9,16554.9,16427.2,16431.13,C < O,C < O,Earned,202104,17000.0,19218.0,116132.0,16767.848654978818,15000.0,23786.0,126868.0,15431.866191632247,0.0,11226.0,3498.0,-0.08,0.06999999999999999,1.0,-0.03,0.1
2021-04-01,發行量加權股價指數,16431.13,16602.47,16431.13,16571.28,C > O,C > O,Earned,202104,17000.0,21880.0,123566.0,16779.02497450755,15000.0,23806.0,129340.0,15468.500077315603,0.0,7434.0,2472.0,-0.04,0.04,1.0,-0.03,0.1
2021-04-06,發行量加權股價指數,16571.28,16804.45,16571.28,16739.87,C > O,C > O,Earned,202104,16800.0,19842.0,119902.0,16795.3078347317,15000.0,23834.0,136606.0,15786.047464972256,0.0,-3664.0,7266.0,-0.12,-0.07999999999999999,1.0,-0.0,0.12
2021-04-07,發行量加權股價指數,16739.87,16816.34,16715.32,16815.36,,,,202104,16800.0,19854.0,122378.0,16847.209465753647,15000.0,23354.0,143926.0,15842.121645845782,0.0,2476.0,7320.0,-0.15,-0.03,,0.0,0.12
2021-04-08,發行量加權股價指數,16815.36,16926.72,16735.78,16926.44,C < O,C > O,Earned,202104,17100.0,18712.0,125680.0,16868.78898790579,15000.0,22788.0,145468.0,15862.75332031787,0.0,3302.0,1542.0,-0.14,0.009999999999999981,0.0,-0.01,0.13
2021-04-09,發行量加權股價指數,16926.44,17016.13,16815.59,16854.1,C > O,C < O,Earned,202104,17000.0,20098.0,132832.0,17014.940676945313,16000.0,24164.0,145480.0,15869.807533681605,0.0,7152.0,12.0,-0.09,0.05000000000000002,0.0,-0.01,0.05
2021-04-12,發行量加權股價指數,16854.1,16979.35,16793.54,16859.7,C > O,C > O,Earned,202104,17000.0,19580.0,135546.0,17026.339397695247,16000.0,25346.0,147514.0,15878.092926773052,0.0,2714.0,2034.0,-0.08,0.009999999999999995,1.0,-0.01,0.05
2021-04-13,發行量加權股價指數,16859.7,17041.37,16802.22,16824.91,C > O,C < O,Earned,202104,17000.0,18474.0,138704.0,17032.764736417117,15000.0,23204.0,148770.0,15929.28144115077,0.0,3158.0,1256.0,-0.07,0.009999999999999995,0.0,-0.01,0.12
2021-04-14,發行量加權股價指數,16824.91,16935.39,16559.57,16865.97,C > O,C > O,Earned,202104,17000.0,24396.0,151268.0,17037.521485046407,16000.0,29160.0,173520.0,16032.352466574459,0.0,12564.0,24750.0,-0.13,-0.06,1.0,-0.01,0.05
2021-04-15,發行量加權股價指數,16865.97,17076.73,16851.06,17076.73,C < O,C > O,,202104,17300.0,27000.0,189990.0,17195.178693615453,16000.0,28348.0,221402.0,16213.50936305905,0.0,38722.0,47882.0,-0.14,-0.010000000000000009,0.0,-0.01,0.07
2021-04-16,發行量加權股價指數,17076.73,17158.81,16998.91,17158.81,C < O,C > O,Earned,202104,17500.0,34960.0,206272.0,17251.356461371393,16000.0,27968.0,229110.0,16374.899393304526,0.0,16282.0,7708.0,-0.1,0.04000000000000001,0.0,-0.02,0.07
2021-04-19,發行量加權股價指數,17158.81,17294.15,17135.52,17263.28,C > O,C > O,Earned,202104,17500.0,39342.0,204322.0,17284.822975499457,17000.0,33254.0,258422.0,16494.429653822044,0.0,-1950.0,29312.0,-0.21,-0.10999999999999999,1.0,-0.01,0.02
2021-04-20,發行量加權股價指數,17263.28,17323.87,17175.02,17323.87,,,,202104,17500.0,44392.0,229242.0,17361.28283647848,17000.0,38522.0,263870.0,16573.894720885284,0.0,24920.0,5448.0,-0.13,0.07999999999999999,,-0.01,0.02
2021-04-21,發行量加權股價指數,17323.87,17323.87,17167.39,17202.11,,,,202105,17500.0,7978.0,51908.0,17543.21877167296,16000.0,9650.0,74450.0,16053.657488247145,0.0,-177334.0,-189420.0,-0.3,-0.16999999999999998,,-0.02,0.08
2021-04-22,發行量加權股價指數,17202.11,17428.15,17066.17,17096.97,,,,202105,17800.0,8370.0,66512.0,17624.476786143852,16000.0,23248.0,117228.0,15866.141194936363,0.0,14604.0,42778.0,-0.43,-0.13,,-0.04,0.07
2021-04-23,發行量加權股價指數,17096.97,17300.27,17055.48,17300.27,C < O,C > O,,202105,17500.0,10892.0,78798.0,17544.551892180003,16000.0,26652.0,123738.0,15968.982850862305,0.0,12286.0,6510.0,-0.36,0.07,0.0,-0.01,0.08
2021-04-26,發行量加權股價指數,17300.27,17572.29,17300.27,17572.29,C > O,C > O,Earned,202105,17700.0,10118.0,80062.0,17648.524893207763,16000.0,30812.0,125460.0,16044.034752112228,0.0,1264.0,1722.0,-0.36,0.0,1.0,-0.01,0.1
2021-04-27,發行量加權股價指數,17572.29,17630.19,17489.71,17595.9,C < O,C > O,Earned,202105,17800.0,10456.0,85546.0,17737.904752998387,16000.0,32860.0,132734.0,16081.786128648275,0.0,5484.0,7274.0,-0.36,0.0,0.0,-0.01,0.1
2021-04-28,發行量加權股價指數,17595.9,17628.81,17497.74,17567.53,C < O,C < O,Earned,202105,17800.0,11752.0,90798.0,17743.853388841162,16000.0,34508.0,134862.0,16176.101496344412,0.0,5252.0,2128.0,-0.33,0.02999999999999997,1.0,-0.01,0.1
2021-04-29,發行量加權股價指數,17567.53,17709.23,17548.3,17566.66,C > O,C < O,Earned,202105,18000.0,13886.0,95722.0,17766.191680073545,16000.0,32686.0,142174.0,16189.692911502807,0.0,4924.0,7312.0,-0.33,0.0,0.0,-0.02,0.1
2021-05-03,發行量加權股價指數,17566.66,17566.66,17222.35,17222.35,C < O,C < O,Earned,202105,18000.0,18420.0,121292.0,17769.227978761995,16000.0,34264.0,153822.0,16172.769824862504,0.0,25570.0,11648.0,-0.21,0.12000000000000002,1.0,-0.04,0.08
2021-05-04,發行量加權股價指數,17222.35,17328.55,16647.61,16933.78,C > O,C < O,Earned,202105,18000.0,19682.0,137670.0,17669.579429069516,16000.0,30474.0,138830.0,16077.219621119355,0.0,16378.0,-14992.0,-0.01,0.19999999999999998,0.0,-0.06,0.06
2021-05-05,發行量加權股價指數,16933.78,17052.2,16843.44,16843.44,,,,202105,18000.0,19952.0,143606.0,17656.334693536483,16000.0,27866.0,141384.0,16101.498047869633,0.0,5936.0,2554.0,0.02,0.03,,-0.06,0.05
2021-05-06,發行量加權股價指數,16843.44,17088.73,16764.71,16994.36,C > O,C > O,Earned,202105,18000.0,20014.0,150164.0,17646.054979888657,16000.0,25604.0,157080.0,16253.12324929972,0.0,6558.0,15696.0,-0.04,-0.06,1.0,-0.06,0.06
2021-05-07,發行量加權股價指數,16994.36,17285.0,16994.36,17285.0,C < O,C > O,,202105,17500.0,18778.0,145486.0,17654.395611948916,16000.0,24448.0,178124.0,16355.282836675575,0.0,-4678.0,21044.0,-0.18,-0.13999999999999999,0.0,-0.01,0.08
2021-05-10,發行量加權股價指數,17285.0,17304.47,17188.15,17235.61,,,,202105,18000.0,18914.0,151450.0,17655.43347639485,16000.0,24572.0,182628.0,16424.13430580196,0.0,5964.0,4504.0,-0.17,0.009999999999999981,,-0.04,0.08
2021-05-11,發行量加權股價指數,17235.61,17235.61,16460.87,16583.13,C > O,C < O,,202105,17200.0,21098.0,162418.0,17461.27645950572,16400.0,21202.0,156212.0,16406.60256574399,0.0,10968.0,-26416.0,0.04,0.21000000000000002,0.0,-0.04,0.01
2021-05-12,發行量加權股價指數,16583.13,16583.13,15165.27,15902.37,,,,202105,17000.0,25588.0,166654.0,17307.235349886592,16900.0,17576.0,138984.0,16182.993725896506,0.0,4236.0,-17228.0,0.2,0.16,,-0.06,-0.06
2021-05-13,發行量加權股價指數,15902.37,16031.93,15368.54,15670.1,,,,202105,17000.0,27082.0,168932.0,17123.871143418655,15000.0,23694.0,154022.0,15574.802300969992,0.0,2278.0,15038.0,0.1,-0.1,,-0.08,0.04
2021-05-14,發行量加權股價指數,15670.1,16075.48,15670.1,15827.09,C < O,C > O,,202105,17000.0,24854.0,168426.0,17053.93347820408,15000.0,33958.0,175962.0,15281.39371000557,0.0,-506.0,21940.0,-0.04,-0.14,0.0,-0.07,0.06
2021-05-17,發行量加權股價指數,15827.09,15827.09,15159.86,15353.89,,,,202105,16500.0,22864.0,175520.0,16781.271649954422,15000.0,33150.0,172058.0,15175.92439758686,0.0,7094.0,-3904.0,0.02,0.06,,-0.07,0.02
2021-05-18,發行量加權股價指數,15353.89,16153.77,15353.89,16145.98,,,,202105,16500.0,24060.0,171952.0,16765.439192332746,15000.0,33810.0,201080.0,15114.402227968967,0.0,-3568.0,29022.0,-0.14,-0.16,,-0.02,0.08
2021-05-19,發行量加權股價指數,16145.98,16273.98,16009.76,16132.66,,,,202106,18000.0,7502.0,53000.0,17547.984905660378,15800.0,18552.0,84896.0,14362.865152657369,0.0,-118952.0,-116184.0,-0.38,-0.24,,-0.1,0.02
2021-05-20,發行量加權股價指數,16132.66,16154.08,15943.45,16042.36,,,,202106,17000.0,7782.0,58998.0,17160.225770365098,15800.0,19726.0,95246.0,14314.203221132646,0.0,5998.0,10350.0,-0.38,0.0,,-0.06,0.02
2021-05-21,發行量加權股價指數,16042.36,16431.14,16042.36,16302.06,C < O,C > O,,202106,17000.0,8762.0,62192.0,17200.498456393107,15800.0,19508.0,97430.0,14311.528276711486,0.0,3194.0,2184.0,-0.36,0.020000000000000018,0.0,-0.04,0.03
2021-05-24,發行量加權股價指數,16302.06,16397.59,16136.97,16338.29,C > O,C > O,Earned,202106,17000.0,9598.0,64888.0,16903.23942793737,15800.0,19874.0,111846.0,14551.882052107361,0.0,2696.0,14416.0,-0.42,-0.06,1.0,-0.04,0.03
2021-05-25,發行量加權股價指數,16338.29,16657.6,16338.29,16595.67,C < O,C > O,,202106,17000.0,9550.0,72202.0,17393.811805767153,15200.0,22350.0,132176.0,14787.633155792277,0.0,7314.0,20330.0,-0.45,-0.030000000000000027,0.0,-0.02,0.09
2021-05-26,發行量加權股價指數,16595.67,16706.29,16523.23,16643.69,C < O,C > O,Earned,202106,17000.0,9688.0,74862.0,17408.340680184872,15200.0,22294.0,138812.0,14778.321758925742,0.0,2660.0,6636.0,-0.46,-0.010000000000000009,0.0,-0.02,0.09
2021-05-27,發行量加權股價指數,16643.69,16643.69,16419.42,16601.61,C < O,C < O,Earned,202106,17000.0,11422.0,79974.0,17470.25533298322,15200.0,22228.0,143634.0,14773.722099224418,0.0,5112.0,4822.0,-0.44,0.020000000000000018,1.0,-0.02,0.09
2021-05-28,發行量加權股價指數,16601.61,16889.01,16601.61,16870.86,C > O,C > O,Earned,202106,17000.0,11336.0,80192.0,17542.657621707902,15800.0,25670.0,152288.0,14828.94778314772,0.0,218.0,8654.0,-0.47,-0.02999999999999997,1.0,-0.01,0.07
2021-05-31,發行量加權股價指數,16870.86,17113.33,16870.86,17068.43,C < O,C > O,,202106,17000.0,10384.0,78812.0,17602.722935593563,15800.0,29524.0,162096.0,15036.297009179745,0.0,-1380.0,9808.0,-0.51,-0.040000000000000036,0.0,0.0,0.08
2021-06-01,發行量加權股價指數,17068.43,17184.3,17060.45,17162.38,,,,202106,17000.0,9890.0,79780.0,17650.24818250188,15800.0,32142.0,168022.0,15050.729071193058,0.0,968.0,5926.0,-0.53,-0.020000000000000018,,0.01,0.09
2021-06-02,發行量加權股價指數,17162.38,17274.66,17056.42,17165.04,C < O,C > O,Earned,202106,18000.0,10770.0,84716.0,17708.25818027291,15800.0,32852.0,169834.0,15094.386283076416,0.0,4936.0,1812.0,-0.5,0.030000000000000027,0.0,-0.05,0.09
2021-06-03,發行量加權股價指數,17165.04,17311.28,17165.04,17246.16,C > O,C > O,Earned,202106,18000.0,11322.0,84948.0,17743.84093798559,15800.0,32958.0,172978.0,15239.628160806576,0.0,232.0,3144.0,-0.51,-0.010000000000000009,1.0,-0.04,0.09
2021-06-04,發行量加權股價指數,17246.16,17246.16,17084.49,17147.41,C < O,C < O,Earned,202106,18000.0,12174.0,90862.0,17725.11721071515,15800.0,32994.0,172342.0,15250.332478444025,0.0,5914.0,-636.0,-0.47,0.040000000000000036,1.0,-0.05,0.09
2021-06-07,發行量加權股價指數,17147.41,17189.23,16775.85,17083.91,,,,202106,17400.0,14768.0,105724.0,17733.00102152775,15800.0,32168.0,170858.0,15246.135387280667,0.0,14862.0,-1484.0,-0.38,0.08999999999999997,,-0.02,0.08
2021-06-08,發行量加權股價指數,17083.91,17181.52,17056.53,17076.21,,,,202106,17400.0,16978.0,112280.0,17721.996793729963,15800.0,31896.0,175644.0,15380.542460886794,0.0,6556.0,4786.0,-0.36,0.020000000000000018,,-0.02,0.08
2021-06-09,發行量加權股價指數,17076.21,17082.52,16907.43,16966.22,C > O,C < O,,202106,17500.0,19544.0,140780.0,17649.535445375765,15800.0,34408.0,185348.0,15494.977016207351,0.0,28500.0,9704.0,-0.24,0.12,0.0,-0.03,0.07
2021-06-10,發行量加權股價指數,16966.22,17159.22,16966.22,17159.22,C > O,C > O,Earned,202106,17500.0,26756.0,160402.0,17641.228912357703,15800.0,35182.0,224826.0,16114.498323147678,0.0,19622.0,39478.0,-0.29,-0.04999999999999999,1.0,-0.02,0.09
2021-06-11,發行量加權股價指數,17159.22,17278.55,17159.22,17213.52,C < O,C > O,,202106,17500.0,31134.0,167158.0,17521.095011904905,15800.0,34860.0,236340.0,16304.588304984345,0.0,6756.0,11514.0,-0.29,0.0,0.0,-0.02,0.09
2021-06-15,發行量加權股價指數,17213.52,17371.29,17213.52,17371.29,C < O,C > O,,202106,17500.0,42084.0,182282.0,17721.134835035824,15800.0,34736.0,225958.0,16513.083847440674,0.0,15124.0,-10382.0,-0.19,0.09999999999999998,0.0,-0.01,0.1
2021-06-16,發行量加權股價指數,17371.29,17398.22,17275.02,17307.86,,,,202107,17500.0,5482.0,35586.0,17958.43309166526,15200.0,7654.0,47672.0,16273.573586172177,0.0,-146696.0,-178286.0,-0.25,-0.06,,-0.01,0.14
2021-06-17,發行量加權股價指數,17307.86,17390.61,17150.52,17390.61,,,,202107,17500.0,9260.0,53544.0,18014.80651426864,16000.0,7756.0,54746.0,16355.324589924378,0.0,17958.0,7074.0,-0.02,0.23,,-0.01,0.09
2021-06-18,發行量加權股價指數,17390.61,17417.5,17318.54,17318.54,C > O,C < O,,202107,17500.0,9396.0,57534.0,18005.43678520527,16000.0,8854.0,58226.0,16373.568508913544,0.0,3990.0,3480.0,-0.01,0.01,0.0,-0.01,0.08
2021-06-21,發行量加權股價指數,17318.54,17318.54,17023.31,17062.98,C > O,C < O,,202107,17500.0,10170.0,74120.0,17964.06368051808,16000.0,10854.0,72036.0,16053.936920428674,0.0,16586.0,13810.0,0.03,0.04,0.0,-0.02,0.07
2021-06-22,發行量加權股價指數,17062.98,17270.47,17062.98,17075.55,C > O,C > O,Earned,202107,17500.0,11338.0,80984.0,17948.083572063617,16000.0,11722.0,76766.0,16135.005080374123,0.0,6864.0,4730.0,0.05,0.020000000000000004,1.0,-0.02,0.07
2021-06-23,發行量加權股價指數,17075.55,17375.79,17075.55,17336.71,C > O,C > O,Earned,202107,17500.0,12674.0,83930.0,17999.91421422614,16000.0,12414.0,81952.0,16226.835220616946,0.0,2946.0,5186.0,0.02,-0.030000000000000002,1.0,-0.01,0.08
2021-06-24,發行量加權股價指數,17336.71,17439.63,17319.89,17407.96,C < O,C > O,,202107,17500.0,12068.0,83746.0,18076.581568074893,16000.0,15420.0,88888.0,16123.820988209882,0.0,-184.0,6936.0,-0.06,-0.08,0.0,-0.01,0.09
2021-06-25,發行量加權股價指數,17407.96,17597.33,17407.96,17502.99,,,,202107,17500.0,11204.0,84952.0,18081.022224314907,16000.0,15814.0,91948.0,16267.305433505895,0.0,1206.0,3060.0,-0.08,-0.020000000000000004,,0.0,0.09
2021-06-28,發行量加權股價指數,17502.99,17595.51,17481.23,17590.97,C < O,C > O,,202107,17500.0,11176.0,86914.0,18113.48459396645,16000.0,16128.0,95236.0,16286.545003990088,0.0,1962.0,3288.0,-0.09,-0.009999999999999995,0.0,0.01,0.1
2021-06-29,發行量加權股價指數,17590.97,17713.24,17541.14,17598.19,C < O,C > O,,202107,17500.0,11740.0,91452.0,18187.66566067445,16000.0,16464.0,100066.0,16296.554274179041,0.0,4538.0,4830.0,-0.09,0.0,0.0,0.01,0.1
2021-06-30,發行量加權股價指數,17598.19,17797.27,17598.19,17755.46,C < O,C > O,,202107,18000.0,12190.0,95648.0,18218.068333890933,16000.0,17124.0,105108.0,16328.034022148648,0.0,4196.0,5042.0,-0.09,0.0,0.0,-0.01,0.11
2021-07-01,發行量加權股價指數,17755.46,17863.9,17644.36,17713.94,C < O,C < O,Earned,202107,18000.0,15208.0,102666.0,18228.322911187734,16000.0,16974.0,108558.0,16352.278044916082,0.0,7018.0,3450.0,-0.05,0.039999999999999994,1.0,-0.02,0.11
2021-07-02,發行量加權股價指數,17713.94,17795.88,17676.98,17710.15,C > O,C < O,Earned,202107,18000.0,17328.0,106602.0,18226.806251289843,17000.0,17866.0,114054.0,16379.318568397426,0.0,3936.0,5496.0,-0.07,-0.020000000000000004,0.0,-0.02,0.04
2021-07-05,發行量加權股價指數,17710.15,17945.52,17710.15,17919.33,C < O,C > O,,202107,18000.0,24866.0,110768.0,18215.37628195869,17000.0,19166.0,116548.0,16443.865188591826,0.0,4166.0,2494.0,-0.05,0.020000000000000004,0.0,-0.0,0.05
2021-07-06,發行量加權股價指數,17919.33,18008.37,17895.78,17913.07,C > O,C < O,Earned,202107,18000.0,24444.0,113610.0,18216.586568083796,17000.0,20784.0,120204.0,16461.215932914045,0.0,2842.0,3656.0,-0.05,0.0,0.0,-0.0,0.05
2021-07-07,發行量加權股價指數,17913.07,17933.62,17756.82,17850.69,C < O,C < O,Earned,202107,18000.0,27246.0,120756.0,18208.77637550101,17000.0,21726.0,121636.0,16474.767338616857,0.0,7146.0,1432.0,-0.01,0.04,1.0,-0.01,0.05
2021-07-08,發行量加權股價指數,17850.69,17935.11,17742.08,17866.09,C > O,C > O,Earned,202107,18000.0,30930.0,130278.0,18199.631557131674,17000.0,20982.0,122334.0,16540.29950790459,0.0,9522.0,698.0,0.06,0.06999999999999999,1.0,-0.01,0.05
2021-07-09,發行量加權股價指數,17866.09,17866.09,17597.46,17661.48,C > O,C < O,,202107,18000.0,32734.0,133224.0,18181.34720470786,17000.0,19950.0,118854.0,16477.51022262608,0.0,2946.0,-3480.0,0.12,0.06,0.0,-0.02,0.04
2021-07-12,發行量加權股價指數,17661.48,17947.9,17661.48,17814.33,,,,202107,18000.0,32518.0,133698.0,18197.14580621999,17000.0,22128.0,124574.0,16567.22751135871,0.0,474.0,5720.0,0.07,-0.04999999999999999,,-0.01,0.05
2021-07-13,發行量加權股價指數,17814.33,18018.04,17786.76,17847.52,C < O,C > O,,202107,18000.0,30496.0,133070.0,18204.42022995416,17000.0,21120.0,127868.0,16647.78208777802,0.0,-628.0,3294.0,0.04,-0.030000000000000006,0.0,-0.01,0.05
2021-07-14,發行量加權股價指數,17847.52,17940.86,17716.44,17845.75,,,,202107,18000.0,33210.0,153776.0,18197.762979918843,17000.0,23646.0,142474.0,16744.448811713013,0.0,20706.0,14606.0,0.08,0.04,,-0.01,0.05
2021-07-15,發行量加權股價指數,17845.75,18034.19,17845.75,18034.19,C > O,C > O,Earned,202107,18000.0,37430.0,232846.0,18338.105443082553,17000.0,23990.0,185846.0,17305.647686794444,0.0,79070.0,43372.0,0.25,0.16999999999999998,1.0,0.0,0.06
2021-07-16,發行量加權股價指數,18034.19,18034.19,17779.61,17895.25,C > O,C < O,,202107,18100.0,55460.0,341098.0,18198.778356953135,17000.0,25876.0,198166.0,17270.787117870877,0.0,108252.0,12320.0,0.72,0.47,0.0,-0.01,0.05
2021-07-19,發行量加權股價指數,17895.25,17895.25,17708.15,17789.25,C > O,C < O,,202107,18000.0,67504.0,371734.0,18114.19590352241,17600.0,27890.0,220694.0,17267.18941158346,0.0,30636.0,22528.0,0.68,-0.039999999999999925,0.0,-0.01,0.01
2021-07-20,發行量加權股價指數,17789.25,17789.25,17500.69,17528.74,C > O,C < O,,202107,18000.0,55260.0,357290.0,18002.262307929133,17200.0,30962.0,248022.0,17231.379474401463,0.0,-14444.0,27328.0,0.44,-0.24000000000000005,0.0,-0.03,0.02
2021-07-21,發行量加權股價指數,17528.74,17707.56,17352.24,17458.79,,,,202108,18000.0,9128.0,56768.0,18339.42714205186,17000.0,8962.0,44792.0,16450.65636720843,0.0,-300522.0,-203230.0,0.27,-0.16999999999999998,,-0.03,0.03
2021-07-22,發行量加權股價指數,17458.79,17667.38,17458.79,17572.33,,,,202108,18000.0,10682.0,71914.0,18188.16085880357,17000.0,9982.0,53978.0,16438.104412908964,0.0,15146.0,9186.0,0.33,0.06,,-0.02,0.03
2021-07-23,發行量加權股價指數,17572.33,17672.6,17511.86,17572.92,C > O,C > O,Earned,202108,18000.0,10642.0,77218.0,18180.432023621437,17000.0,10556.0,58744.0,16444.787552771348,0.0,5304.0,4766.0,0.31,-0.020000000000000018,1.0,-0.02,0.03
2021-07-26,發行量加權股價指數,17572.92,17637.36,17403.56,17403.56,C > O,C < O,Earned,202108,18000.0,12498.0,88128.0,18211.471949891067,17000.0,11210.0,60908.0,16613.105010836014,0.0,10910.0,2164.0,0.45,0.14,0.0,-0.03,0.02
2021-07-27,發行量加權股價指數,17403.56,17459.35,17264.5,17269.87,C > O,C < O,Earned,202108,18000.0,13512.0,92918.0,18194.181966895543,17000.0,11138.0,63730.0,16588.636434959986,0.0,4790.0,2822.0,0.46,0.010000000000000009,0.0,-0.04,0.02
2021-07-28,發行量加權股價指數,17269.87,17269.87,16893.7,17135.22,C > O,C < O,,202108,18000.0,14310.0,98940.0,18190.608449565392,16000.0,9506.0,68936.0,16195.152025066729,0.0,6022.0,5206.0,0.44,-0.020000000000000018,0.0,-0.05,0.07
2021-07-29,發行量加權股價指數,17135.22,17402.81,17135.22,17402.81,C > O,C > O,Earned,202108,18000.0,13486.0,98848.0,18173.575590806086,16000.0,12330.0,78696.0,16449.405306495883,0.0,-92.0,9760.0,0.26,-0.18,1.0,-0.03,0.09
2021-07-30,發行量加權股價指數,17402.81,17429.01,17237.67,17247.41,,,,202108,18000.0,14414.0,102628.0,18096.042015824143,16000.0,12732.0,84380.0,16481.832187722208,0.0,3780.0,5684.0,0.22,-0.04000000000000001,,-0.04,0.08
2021-08-02,發行量加權股價指數,17247.41,17503.28,17231.22,17503.28,C < O,C > O,,202108,18000.0,13702.0,102438.0,18164.864601026962,17000.0,14746.0,91952.0,16543.890290586394,0.0,-190.0,7572.0,0.11,-0.11,0.0,-0.03,0.03
2021-08-03,發行量加權股價指數,17503.28,17553.76,17456.2,17553.76,,,,202108,18000.0,14590.0,107206.0,18140.04066936552,17000.0,16102.0,97186.0,16564.90029428107,0.0,4768.0,5234.0,0.1,-0.009999999999999995,,-0.02,0.03
2021-08-04,發行量加權股價指數,17553.76,17636.11,17553.76,17623.89,C < O,C > O,,202108,18000.0,14516.0,109120.0,18139.640762463343,17000.0,18120.0,101384.0,16671.06841316184,0.0,1914.0,4198.0,0.08,-0.020000000000000004,0.0,-0.02,0.04
2021-08-05,發行量加權股價指數,17623.89,17643.97,17566.72,17603.12,C < O,C < O,Earned,202108,18000.0,15120.0,111888.0,18136.843986843985,17000.0,17598.0,103220.0,16676.96764192986,0.0,2768.0,1836.0,0.08,0.0,1.0,-0.02,0.04
2021-08-06,發行量加權股價指數,17603.12,17603.12,17469.68,17526.28,C > O,C < O,,202108,18000.0,16276.0,117532.0,18122.747847394752,17000.0,16098.0,109786.0,16585.054560690798,0.0,5644.0,6566.0,0.07,-0.009999999999999995,0.0,-0.03,0.03
2021-08-09,發行量加權股價指數,17526.28,17526.28,17350.15,17485.15,C < O,C < O,Earned,202108,17800.0,16536.0,122468.0,18103.093052879118,16000.0,15154.0,109160.0,16577.304873580066,0.0,4936.0,-626.0,0.12,0.04999999999999999,1.0,-0.02,0.09
2021-08-10,發行量加權股價指數,17485.15,17524.91,17305.06,17323.64,,,,202108,17700.0,17594.0,128744.0,18038.532281116015,16800.0,16040.0,111246.0,16529.432069467668,0.0,6276.0,2086.0,0.16,0.04000000000000001,,-0.02,0.03
2021-08-11,發行量加權股價指數,17323.64,17327.2,17090.25,17227.18,C > O,C < O,,202108,17500.0,22640.0,151554.0,17859.19342280639,16800.0,21270.0,139028.0,16531.95039848088,0.0,22810.0,27782.0,0.09,-0.07,0.0,-0.02,0.03
2021-08-12,發行量加權股價指數,17227.18,17233.11,17139.21,17219.94,C < O,C < O,Earned,202108,17500.0,29804.0,185982.0,17608.933122560247,16800.0,23012.0,163946.0,16627.515157429887,0.0,34428.0,24918.0,0.13,0.04000000000000001,1.0,-0.02,0.02
2021-08-13,發行量加權股價指數,17219.94,17219.94,16978.11,16982.11,C > O,C < O,,202108,17500.0,32714.0,212236.0,17496.125068320172,16500.0,23924.0,177030.0,16627.011241032593,0.0,26254.0,13084.0,0.2,0.07,0.0,-0.03,0.03
2021-08-16,發行量加權股價指數,16982.11,16983.59,16773.57,16858.77,C > O,C < O,,202108,17500.0,31040.0,242996.0,17334.57711238045,16500.0,28870.0,190584.0,16409.10884439407,0.0,30760.0,13554.0,0.28,0.08000000000000002,0.0,-0.04,0.02
2021-08-17,發行量加權股價指數,16858.77,16870.55,16657.63,16661.36,C > O,C < O,,202108,17500.0,27764.0,220678.0,17238.214955727348,16500.0,26788.0,182414.0,16380.661572028463,0.0,-22318.0,-8170.0,0.21,-0.07000000000000003,0.0,-0.05,0.01
2021-08-18,發行量加權股價指數,16661.36,16826.27,16418.54,16826.27,,,,202109,21200.0,8386.0,58996.0,17889.321309919316,15000.0,12558.0,61252.0,14895.164239535035,0.0,-161682.0,-121162.0,-0.04,-0.25,,-0.21,0.12
2021-08-19,發行量加權股價指數,16826.27,16826.27,16375.4,16375.4,,,,202109,16700.0,11756.0,88114.0,17585.84333931044,15000.0,13996.0,79998.0,14386.919672991824,0.0,29118.0,18746.0,0.1,0.14,,-0.02,0.09
2021-08-20,發行量加權股價指數,16375.4,16507.11,16248.08,16341.94,C > O,C < O,Earned,202109,17300.0,13110.0,100752.0,17468.98721613467,15000.0,14014.0,84156.0,14229.521365083892,0.0,12638.0,4158.0,0.2,0.1,0.0,-0.06,0.09
2021-08-23,發行量加權股價指數,16341.94,16785.29,16341.94,16741.84,C > O,C > O,Earned,202109,17300.0,13320.0,102062.0,17586.698281436773,15000.0,16010.0,92674.0,14236.25396551352,0.0,1310.0,8518.0,0.1,-0.1,1.0,-0.03,0.12
2021-08-24,發行量加權股價指數,16741.84,16904.3,16741.84,16818.73,C < O,C > O,,202109,17300.0,13872.0,104742.0,17587.149376563364,15000.0,16580.0,99364.0,14272.120687572964,0.0,2680.0,6690.0,0.05,-0.05,0.0,-0.03,0.12
2021-08-25,發行量加權股價指數,16818.73,17045.86,16818.73,17045.86,C < O,C > O,,202109,17000.0,14718.0,109264.0,17583.621320837603,15000.0,16552.0,107606.0,14545.408248610673,0.0,4522.0,8242.0,0.02,-0.030000000000000002,0.0,0.0,0.14
2021-08-26,發行量加權股價指數,17045.86,17201.42,16984.69,17066.96,C < O,C > O,Earned,202109,18000.0,14988.0,112250.0,17624.36881959911,15000.0,16708.0,108754.0,14685.690641263769,0.0,2986.0,1148.0,0.03,0.009999999999999998,0.0,-0.05,0.14
2021-08-27,發行量加權股價指數,17066.96,17229.89,17000.26,17209.93,C > O,C > O,Earned,202109,17000.0,13734.0,104520.0,17636.169154228857,15000.0,16202.0,110624.0,14676.061252531097,0.0,-7730.0,1870.0,-0.06,-0.09,1.0,0.01,0.15
2021-08-30,發行量加權股價指數,17209.93,17396.52,17209.93,17396.52,,,,202109,17400.0,15696.0,110120.0,17625.481293134762,15000.0,16084.0,120076.0,14851.585662413805,0.0,5600.0,9452.0,-0.08,-0.020000000000000004,,-0.0,0.16
2021-08-31,發行量加權股價指數,17396.52,17490.29,17207.57,17490.29,C < O,C > O,Earned,202109,17400.0,15788.0,111496.0,17665.008610174355,11200.0,16260.0,119362.0,14807.154705852783,0.0,1376.0,-714.0,-0.07,0.009999999999999995,0.0,0.01,0.56
2021-09-01,發行量加權股價指數,17490.29,17503.93,17415.52,17473.99,,,,202109,17400.0,15864.0,114074.0,17689.398109998772,11200.0,16688.0,124278.0,14975.276396465988,0.0,2578.0,4916.0,-0.08,-0.009999999999999995,,0.0,0.56
2021-09-02,發行量加權股價指數,17473.99,17523.16,17319.76,17319.76,C < O,C < O,Earned,202109,18000.0,16216.0,121342.0,17726.607440127904,11200.0,18664.0,132906.0,14993.16208448076,0.0,7268.0,8628.0,-0.09,-0.009999999999999995,1.0,-0.04,0.55
2021-09-03,發行量加權股價指數,17319.76,17540.78,17319.76,17516.92,C < O,C > O,,202109,17400.0,15834.0,118592.0,17739.96896923907,11200.0,19120.0,139178.0,15600.284527727083,0.0,-2750.0,6272.0,-0.15,-0.06,0.0,0.01,0.56
2021-09-06,發行量加權股價指數,17516.92,17633.67,17461.07,17495.3,,,,202109,17400.0,15538.0,120290.0,17786.145149222713,11200.0,19158.0,141796.0,15640.51031058704,0.0,1698.0,2618.0,-0.15,0.0,,0.01,0.56
2021-09-07,發行量加權股價指數,17495.3,17559.21,17388.37,17428.87,C < O,C < O,Earned,202109,18000.0,16876.0,132082.0,17846.389364182854,16000.0,20038.0,155046.0,15703.757594520335,0.0,11792.0,13250.0,-0.15,0.0,1.0,-0.03,0.09
2021-09-08,發行量加權股價指數,17428.87,17447.58,17167.08,17270.49,C < O,C < O,Earned,202109,17800.0,24578.0,172578.0,17841.373755635133,16000.0,21158.0,163154.0,15846.716599041396,0.0,40496.0,8108.0,0.06,0.21,1.0,-0.03,0.08
2021-09-09,發行量加權股價指數,17270.49,17319.09,17122.95,17304.33,C > O,C > O,,202109,17400.0,26862.0,200960.0,17551.369426751593,17000.0,28510.0,214784.0,16049.266239570918,0.0,28382.0,51630.0,-0.06,-0.12,1.0,-0.01,0.02
2021-09-10,發行量加權股價指數,17304.33,17474.57,17270.28,17474.57,C < O,C > O,,202109,17500.0,25056.0,187836.0,17592.569049596455,17000.0,29958.0,223466.0,16095.269078965033,0.0,-13124.0,8682.0,-0.16,-0.1,0.0,-0.0,0.03
2021-09-13,發行量加權股價指數,17474.57,17482.57,17387.57,17446.31,,,,202109,17500.0,26808.0,207546.0,17602.650978578244,17000.0,33658.0,235928.0,16333.923908989183,0.0,19710.0,12462.0,-0.12,0.04000000000000001,,-0.0,0.03
2021-09-14,發行量加權股價指數,17446.31,17529.47,17424.54,17434.9,C > O,C < O,Earned,202109,17600.0,37136.0,234750.0,17612.3821086262,17000.0,31794.0,230458.0,16415.579411432886,0.0,27204.0,-5470.0,0.02,0.13999999999999999,0.0,-0.01,0.03
2021-09-15,發行量加權股價指數,17434.9,17439.75,17316.52,17354.0,,,,202110,18000.0,5932.0,46158.0,17859.82061614455,16000.0,6400.0,45780.0,16014.595893403233,0.0,-188592.0,-184678.0,0.01,-0.01,,-0.04,0.08
2021-09-16,發行量加權股價指數,17354.0,17411.37,17254.1,17278.7,,,,202110,18000.0,8336.0,64356.0,17808.14531667599,16000.0,7800.0,52508.0,16210.246057743581,0.0,18198.0,6728.0,0.23,0.22,,-0.04,0.08
2021-09-17,發行量加權股價指數,17278.7,17408.71,17235.45,17276.79,C > O,C < O,Earned,202110,18000.0,9174.0,72250.0,17811.698269896195,16000.0,12424.0,66076.0,16121.65385313881,0.0,7894.0,13568.0,0.09,-0.14,0.0,-0.04,0.08
2021-09-22,發行量加權股價指數,17276.79,17276.79,16838.58,16925.82,C < O,C < O,Earned,202110,18000.0,12558.0,81974.0,17797.489447873715,16000.0,12636.0,73384.0,15988.804098986155,0.0,9724.0,7308.0,0.12,0.03,1.0,-0.06,0.06
2021-09-23,發行量加權股價指數,16925.82,17145.25,16925.82,17078.22,C > O,C > O,Earned,202110,18000.0,13556.0,91384.0,17791.950450844786,16000.0,13888.0,85414.0,15921.832486477626,0.0,9410.0,12030.0,0.07,-0.04999999999999999,1.0,-0.05,0.07
2021-09-24,發行量加權股價指數,17078.22,17273.59,17078.22,17260.19,C < O,C > O,,202110,18000.0,14130.0,106476.0,17819.86363124084,16000.0,13800.0,90662.0,15969.30797908716,0.0,15092.0,5248.0,0.17,0.1,0.0,-0.04,0.08
2021-09-27,發行量加權股價指數,17260.19,17335.99,17235.68,17313.77,C > O,C > O,Earned,202110,18200.0,16170.0,116068.0,17832.06740876038,16000.0,14232.0,95496.0,16167.347323448103,0.0,9592.0,4834.0,0.22,0.04999999999999999,1.0,-0.05,0.08
2021-09-28,發行量加權股價指數,17313.77,17313.77,17113.47,17181.44,C > O,C < O,,202110,18000.0,17258.0,136022.0,17819.267471438445,16000.0,21090.0,111118.0,16105.779441674616,0.0,19954.0,15622.0,0.22,0.0,0.0,-0.05,0.07
2021-09-29,發行量加權股價指數,17181.44,17181.44,16801.78,16855.46,C > O,C < O,,202110,18000.0,19430.0,150090.0,17769.38103804384,16000.0,20740.0,105456.0,15995.027309968138,0.0,14068.0,-5662.0,0.42,0.19999999999999998,0.0,-0.06,0.05
2021-09-30,發行量加權股價指數,16855.46,16994.21,16767.2,16934.77,,,,202110,17800.0,19808.0,159116.0,17756.92450790618,16000.0,22176.0,115932.0,15981.387365007073,0.0,9026.0,10476.0,0.37,-0.04999999999999999,,-0.05,0.06
2021-10-01,發行量加權股價指數,16934.77,16934.77,16503.74,16570.89,C < O,C < O,Earned,202110,18000.0,19200.0,161278.0,17750.416051786357,15000.0,24284.0,125042.0,15484.379648438126,0.0,2162.0,9110.0,0.29,-0.08000000000000002,1.0,-0.08,0.1
2021-10-04,發行量加權股價指數,16570.89,16680.29,16380.06,16408.35,C < O,C < O,Earned,202110,18000.0,18296.0,153194.0,17693.788268470045,15000.0,26822.0,130592.0,15476.304827248223,0.0,-8084.0,5550.0,0.17,-0.11999999999999997,1.0,-0.09,0.09
2021-10-05,發行量加權股價指數,16408.35,16460.75,16162.17,16460.75,,,,202110,17500.0,20750.0,155926.0,17609.814912201942,15000.0,27488.0,132030.0,15526.583352268424,0.0,2732.0,1438.0,0.18,0.009999999999999981,,-0.06,0.1
2021-10-06,發行量加權股價指數,16460.75,16568.21,16303.63,16393.16,C > O,C < O,Earned,202110,17500.0,22032.0,161936.0,17576.235055824523,15000.0,28150.0,133756.0,15637.531026645534,0.0,6010.0,1726.0,0.21,0.03,0.0,-0.06,0.09
2021-10-07,發行量加權股價指數,16393.16,16731.58,16393.16,16713.86,C > O,C > O,Earned,202110,17500.0,20538.0,153570.0,17656.242755746563,15000.0,31868.0,142064.0,15632.130589030296,0.0,-8366.0,8308.0,0.08,-0.13,1.0,-0.04,0.11
2021-10-08,發行量加權股價指數,16713.86,16771.71,16605.49,16640.43,,,,202110,17500.0,21952.0,157690.0,17581.174456211553,15000.0,29270.0,144714.0,15770.26825324433,0.0,4120.0,2650.0,0.09,0.009999999999999995,,-0.05,0.11
2021-10-12,發行量加權股價指數,16640.43,16640.43,16349.49,16462.84,C > O,C < O,,202110,17500.0,19994.0,160172.0,17473.257498189447,15000.0,29926.0,154046.0,15747.244329615829,0.0,2482.0,9332.0,0.04,-0.049999999999999996,0.0,-0.06,0.1
2021-10-13,發行量加權股價指數,16462.84,16543.33,16328.47,16347.99,C < O,C < O,Earned,202110,17000.0,26006.0,178090.0,17173.70767589421,16000.0,30286.0,165200.0,15670.269975786925,0.0,17918.0,11154.0,0.08,0.04,1.0,-0.04,0.02
2021-10-14,發行量加權股價指數,16347.99,16519.96,16347.88,16387.28,C > O,C > O,Earned,202110,17000.0,30760.0,205416.0,17069.070568991705,16000.0,32056.0,186558.0,15860.5473900878,0.0,27326.0,21358.0,0.1,0.020000000000000004,1.0,-0.04,0.02
2021-10-15,發行量加權股價指數,16387.28,16781.19,16387.28,16781.19,C > O,C > O,Earned,202110,17000.0,35574.0,219520.0,17078.697157434402,16000.0,32132.0,224506.0,16151.437378065619,0.0,14104.0,37948.0,-0.02,-0.12000000000000001,1.0,-0.01,0.05
2021-10-18,發行量加權股價指數,16781.19,16862.03,16695.89,16705.46,C < O,C < O,Earned,202110,17000.0,46130.0,257520.0,17017.11245728487,16400.0,33660.0,220022.0,16148.20699748207,0.0,38000.0,-4484.0,0.17,0.19,1.0,-0.02,0.02
2021-10-19,發行量加權股價指數,16705.46,16916.72,16705.46,16900.67,,,,202110,17000.0,49132.0,259554.0,17244.992564167766,16700.0,31638.0,240568.0,16362.036097901633,0.0,2034.0,20546.0,0.08,-0.09000000000000001,,-0.01,0.01
2021-10-20,發行量加權股價指數,16900.67,16973.86,16855.81,16887.82,,,,202111,17500.0,6722.0,52612.0,17816.885881547936,16600.0,7590.0,51562.0,15919.211822660098,0.0,-206942.0,-189006.0,0.02,-0.06,,-0.03,0.02
2021-10-21,發行量加權股價指數,16887.82,17026.89,16873.99,16889.51,,,,202111,17500.0,12070.0,70424.0,17746.009882994433,16000.0,8122.0,58710.0,15878.725941066257,0.0,17812.0,7148.0,0.2,0.18000000000000002,,-0.03,0.06
2021-10-22,發行量加權股價指數,16889.51,16932.89,16800.49,16888.74,C > O,C < O,,202111,17500.0,14456.0,82344.0,17708.020013601476,16000.0,9250.0,64772.0,16015.5746310134,0.0,11920.0,6062.0,0.27,0.07,0.0,-0.03,0.06
2021-10-25,發行量加權股價指數,16888.74,16930.98,16784.11,16894.24,C > O,C > O,,202111,17500.0,16904.0,93394.0,17691.384885538686,16000.0,10606.0,70826.0,16038.062293508034,0.0,11050.0,6054.0,0.32,0.04999999999999999,1.0,-0.03,0.06
2021-10-26,發行量加權股價指數,16894.24,17067.15,16894.24,17034.34,C > O,C > O,Earned,202111,17500.0,15568.0,100294.0,17692.801164576147,16000.0,12200.0,79212.0,16047.316063222745,0.0,6900.0,8386.0,0.27,-0.04999999999999999,1.0,-0.03,0.06
2021-10-27,發行量加權股價指數,17034.34,17079.6,16973.16,17074.55,C < O,C > O,Earned,202111,17600.0,16068.0,105322.0,17628.70055638898,16000.0,13084.0,77686.0,15920.657518729244,0.0,5028.0,-1526.0,0.36,0.08999999999999997,0.0,-0.03,0.07
2021-10-28,發行量加權股價指數,17074.55,17104.86,16994.37,17041.63,,,,202111,17600.0,16714.0,110736.0,17753.953547175264,16000.0,12742.0,83684.0,16053.702021891879,0.0,5414.0,5998.0,0.32,-0.03999999999999998,,-0.03,0.07
2021-10-29,發行量加權股價指數,17041.63,17073.97,16920.68,16987.41,C < O,C < O,Earned,202111,17600.0,18842.0,116222.0,17740.828758754797,16400.0,12732.0,85302.0,16156.378513985605,0.0,5486.0,1618.0,0.36,0.03999999999999998,1.0,-0.03,0.04
2021-11-01,發行量加權股價指數,16987.41,17119.43,16987.41,17068.24,C > O,C > O,Earned,202111,17600.0,20186.0,119886.0,17583.012194918505,16400.0,13036.0,95134.0,16168.280530619968,0.0,3664.0,9832.0,0.26,-0.09999999999999998,1.0,-0.03,0.04
2021-11-02,發行量加權股價指數,17068.24,17237.09,17026.63,17065.97,C < O,C < O,,202111,17600.0,21742.0,127024.0,17573.135785363396,16400.0,13480.0,95072.0,16153.325900370246,0.0,7138.0,-62.0,0.34,0.08000000000000002,1.0,-0.03,0.04
2021-11-03,發行量加權股價指數,17065.97,17153.76,17065.97,17122.16,,,,202111,17600.0,23336.0,133008.0,17527.20287501504,16500.0,13948.0,102430.0,16165.426144684174,0.0,5984.0,7358.0,0.3,-0.040000000000000036,,-0.03,0.04
2021-11-04,發行量加權股價指數,17122.16,17219.65,17061.46,17078.86,C < O,C < O,Earned,202111,17600.0,27694.0,145224.0,17531.555390293615,16500.0,18462.0,109710.0,16190.308996445174,0.0,12216.0,7280.0,0.32,0.020000000000000018,1.0,-0.03,0.04
2021-11-05,發行量加權股價指數,17078.86,17296.9,17078.86,17296.9,C > O,C > O,Earned,202111,17600.0,26754.0,143886.0,17583.58700638005,16500.0,18698.0,116560.0,16300.020590253946,0.0,-1338.0,6850.0,0.23,-0.09,1.0,-0.02,0.05
2021-11-08,發行量加權股價指數,17296.9,17415.3,17279.46,17415.3,,,,202111,17600.0,26040.0,139284.0,17587.284971712474,16500.0,17394.0,113944.0,16540.995576774556,0.0,-4602.0,-2616.0,0.22,-0.010000000000000009,,-0.01,0.06
2021-11-09,發行量加權股價指數,17415.3,17581.52,17415.3,17541.36,,,,202111,17600.0,24860.0,142950.0,17672.281217208816,16500.0,15478.0,113824.0,16678.73207759348,0.0,3666.0,-120.0,0.26,0.04000000000000001,,-0.0,0.06
2021-11-10,發行量加權股價指數,17541.36,17575.44,17489.87,17559.65,,,,202111,18000.0,27272.0,162038.0,17698.53120872882,17000.0,15710.0,132378.0,16813.452386348185,0.0,19088.0,18554.0,0.22,-0.04000000000000001,,-0.02,0.03
2021-11-11,發行量加權股價指數,17559.65,17559.65,17403.48,17452.52,C > O,C < O,,202111,17600.0,35302.0,204350.0,17747.293858575973,17200.0,23592.0,165462.0,16955.62606519926,0.0,42312.0,33084.0,0.24,0.01999999999999999,0.0,-0.01,0.01
2021-11-12,發行量加權股價指數,17452.52,17602.05,17452.52,17518.13,C > O,C > O,Earned,202111,17600.0,36732.0,223132.0,17772.263055052616,17300.0,25036.0,175534.0,17085.39940980095,0.0,18782.0,10072.0,0.27,0.030000000000000027,1.0,-0.0,0.01
2021-11-15,發行量加權股價指數,17518.13,17683.19,17518.13,17634.47,C > O,C > O,Earned,202111,17800.0,33680.0,233322.0,17782.264852864282,17500.0,28194.0,206666.0,17292.142394007722,0.0,10190.0,31132.0,0.13,-0.14,1.0,-0.01,0.01
2021-11-16,發行量加權股價指數,17634.47,17708.1,17629.8,17693.13,C < O,C > O,,202111,17800.0,43874.0,248852.0,17781.90249626284,17600.0,37508.0,252846.0,17473.337525608473,0.0,15530.0,46180.0,-0.02,-0.15,0.0,-0.01,0.01
2021-11-17,發行量加權股價指數,17693.13,17764.04,17669.58,17764.04,,,,202112,18300.0,10140.0,67364.0,18540.90018407458,16700.0,18968.0,88010.0,16485.79706851494,0.0,-181488.0,-164836.0,-0.23,-0.21000000000000002,,-0.03,0.06
2021-11-18,發行量加權股價指數,17764.04,17841.37,17748.21,17841.37,,,,202112,18300.0,11588.0,80452.0,18480.522547606026,16700.0,20472.0,103674.0,16592.030788818796,0.0,13088.0,15664.0,-0.22,0.010000000000000009,,-0.03,0.07
2021-11-19,發行量加權股價指數,17841.37,17986.18,17786.05,17818.31,C < O,C < O,Earned,202112,18300.0,13002.0,94524.0,18519.51885235496,16700.0,22368.0,106402.0,16601.70673483581,0.0,14072.0,2728.0,-0.11,0.11,1.0,-0.03,0.07
2021-11-22,發行量加權股價指數,17818.31,17857.73,17790.64,17803.54,C > O,C < O,,202112,18300.0,13936.0,105856.0,18482.07564993954,16700.0,23214.0,112796.0,16600.395404092345,0.0,11332.0,6394.0,-0.06,0.05,0.0,-0.03,0.07
2021-11-23,發行量加權股價指數,17803.54,17803.54,17650.07,17666.12,C > O,C < O,,202112,18300.0,14990.0,120708.0,18446.69450243563,16700.0,22982.0,116112.0,16611.132354967616,0.0,14852.0,3316.0,0.04,0.1,0.0,-0.03,0.06
2021-11-24,發行量加權股價指數,17666.12,17722.89,17588.78,17642.52,C > O,C < O,Earned,202112,18300.0,15890.0,126614.0,18429.33798790023,16700.0,23598.0,123162.0,16626.370146636138,0.0,5906.0,7050.0,0.03,-0.010000000000000002,0.0,-0.04,0.06
2021-11-25,發行量加權股價指數,17642.52,17724.5,17609.51,17654.19,C < O,C > O,,202112,18000.0,17438.0,134114.0,18412.639992841912,16700.0,25116.0,128314.0,16755.06024284178,0.0,7500.0,5152.0,0.05,0.020000000000000004,0.0,-0.02,0.06
2021-11-26,發行量加權股價指數,17654.19,17654.19,17330.44,17369.39,C > O,C < O,,202112,18000.0,19662.0,144686.0,18145.076925203542,16700.0,24732.0,120800.0,16697.889072847684,0.0,10572.0,-7514.0,0.2,0.15000000000000002,0.0,-0.04,0.04
2021-11-29,發行量加權股價指數,17369.39,17415.63,17167.24,17328.09,,,,202112,18000.0,22302.0,150828.0,18128.46155886175,16700.0,25210.0,122420.0,16615.69351413168,0.0,6142.0,1620.0,0.23,0.03,,-0.04,0.04
2021-11-30,發行量加權股價指數,17328.09,17535.23,17328.09,17427.76,C > O,C > O,Earned,202112,18000.0,23074.0,154110.0,18133.212640321846,16700.0,27802.0,131770.0,16581.75305456477,0.0,3282.0,9350.0,0.17,-0.06,1.0,-0.03,0.04
2021-12-01,發行量加權股價指數,17427.76,17626.21,17374.59,17585.99,C < O,C > O,Earned,202112,18000.0,25440.0,157540.0,18127.88498159198,16700.0,29384.0,141258.0,16578.00478556967,0.0,3430.0,9488.0,0.12,-0.05000000000000002,0.0,-0.02,0.05
2021-12-02,發行量加權股價指數,17585.99,17741.55,17559.44,17724.88,C < O,C > O,,202112,18000.0,22318.0,155574.0,18295.271703498012,16700.0,29308.0,145678.0,16600.072763217508,0.0,-1966.0,4420.0,0.07,-0.04999999999999999,0.0,-0.02,0.06
2021-12-03,發行量加權股價指數,17724.88,17781.14,17670.32,17697.14,,,,202112,18000.0,22154.0,152984.0,18301.687758196935,16700.0,28852.0,148762.0,16609.420416504214,0.0,-2590.0,3084.0,0.03,-0.04000000000000001,,-0.02,0.06
2021-12-06,發行量加權股價指數,17697.14,17763.42,17585.95,17688.21,,,,202112,18000.0,24942.0,164450.0,18286.91273943448,16700.0,29656.0,155912.0,16663.01759967161,0.0,11466.0,7150.0,0.05,0.020000000000000004,,-0.02,0.06
2021-12-07,發行量加權股價指數,17688.21,17796.92,17642.32,17796.92,C > O,C > O,Earned,202112,18000.0,27712.0,167940.0,18280.709777301417,16700.0,29420.0,155562.0,16686.991681773183,0.0,3490.0,-350.0,0.08,0.03,1.0,-0.01,0.07
2021-12-08,發行量加權股價指數,17796.92,17988.88,17796.92,17832.42,,,,202112,18000.0,29168.0,180602.0,18147.086964706923,16700.0,29462.0,167736.0,16963.434206133446,0.0,12662.0,12174.0,0.08,0.0,,-0.01,0.07
2021-12-09,發行量加權股價指數,17832.42,17925.12,17807.12,17914.12,C > O,C > O,Earned,202112,18000.0,38346.0,208120.0,18164.578128003075,16700.0,30144.0,203060.0,17078.896877770116,0.0,27518.0,35324.0,0.02,-0.06,1.0,-0.0,0.07
2021-12-10,發行量加權股價指數,17914.12,17914.12,17767.8,17826.26,C < O,C < O,Earned,202112,18000.0,45302.0,233388.0,18123.49520969373,16700.0,31118.0,211874.0,17164.41186743064,0.0,25268.0,8814.0,0.1,0.08,1.0,-0.01,0.07
2021-12-13,發行量加權股價指數,17826.26,17919.35,17767.6,17767.6,C > O,C < O,Earned,202112,18000.0,48218.0,251998.0,18093.302327796253,17600.0,34206.0,221592.0,17232.289071807645,0.0,18610.0,9718.0,0.14,0.04000000000000001,0.0,-0.01,0.01
2021-12-14,發行量加權股價指數,17767.6,17767.6,17566.99,17599.37,C > O,C < O,,202112,18000.0,40836.0,268256.0,17954.171388524395,17600.0,37194.0,230190.0,17221.865415526303,0.0,16258.0,8598.0,0.17,0.03,0.0,-0.02,-0.0
2021-12-15,發行量加權股價指數,17599.37,17678.78,17556.87,17660.1,,,,202201,20600.0,9114.0,66482.0,18627.664631027947,17200.0,6592.0,51026.0,16578.07392309803,0.0,-201774.0,-179164.0,0.3,0.12999999999999998,,-0.14,0.03
2021-12-16,發行量加權股價指數,17660.1,17814.32,17660.1,17785.74,,,,202201,18400.0,11804.0,84356.0,18551.46047702594,17000.0,8040.0,63446.0,16375.73054250859,0.0,17874.0,12420.0,0.33,0.030000000000000027,,-0.03,0.05
2021-12-17,發行量加權股價指數,17785.74,17822.74,17718.27,17812.59,C > O,C > O,,202201,18300.0,13002.0,92892.0,18468.498901950654,17000.0,8476.0,66142.0,16373.206132260893,0.0,8536.0,2696.0,0.4,0.07,1.0,-0.03,0.05
2021-12-20,發行量加權股價指數,17812.59,17812.81,17646.39,17669.11,C > O,C < O,,202201,18300.0,14134.0,103532.0,18431.12853996832,17000.0,9240.0,68932.0,16362.46155631637,0.0,10640.0,2790.0,0.5,0.09999999999999998,0.0,-0.03,0.04
2021-12-21,發行量加權股價指數,17669.11,17825.89,17652.32,17789.27,C > O,C > O,Earned,202201,18300.0,14232.0,110524.0,18420.194708841518,17000.0,10056.0,74016.0,16482.846952010375,0.0,6992.0,5084.0,0.49,-0.010000000000000009,1.0,-0.03,0.05
2021-12-22,發行量加權股價指數,17789.27,17870.16,17789.27,17826.83,C > O,C > O,Earned,202201,18300.0,16304.0,116358.0,18417.10239089706,17000.0,11388.0,76864.0,16492.495836802664,0.0,5834.0,2848.0,0.51,0.020000000000000018,1.0,-0.03,0.05
2021-12-23,發行量加權股價指數,17826.83,17960.99,17826.83,17946.66,C > O,C > O,Earned,202201,18300.0,17476.0,118570.0,18419.939276376823,17000.0,11654.0,79872.0,16686.34815705128,0.0,2212.0,3008.0,0.48,-0.030000000000000027,1.0,-0.02,0.06
2021-12-24,發行量加權股價指數,17946.66,18039.85,17946.66,17961.64,C < O,C > O,,202201,18300.0,18646.0,120340.0,18496.551437593484,17000.0,12020.0,86388.0,16833.57179237857,0.0,1770.0,6516.0,0.39,-0.08999999999999997,0.0,-0.02,0.06
2021-12-27,發行量加權股價指數,17961.64,18099.78,17961.64,18048.94,C < O,C > O,,202201,18300.0,16926.0,115802.0,18559.0024351911,17000.0,12020.0,89904.0,16852.38254137747,0.0,-4538.0,3516.0,0.29,-0.10000000000000003,0.0,-0.01,0.06
2021-12-28,發行量加權股價指數,18048.94,18197.36,18048.94,18196.81,,,,202201,18300.0,16532.0,116974.0,18568.622086959494,17600.0,12346.0,92292.0,16885.095132839248,0.0,1172.0,2388.0,0.27,-0.019999999999999962,,-0.01,0.03
2021-12-29,發行量加權股價指數,18196.81,18283.25,18192.86,18248.28,C < O,C > O,,202201,18300.0,16692.0,122944.0,18597.214992191566,17600.0,12766.0,96390.0,16966.71853926756,0.0,5970.0,4098.0,0.28,0.010000000000000009,0.0,-0.0,0.04
2021-12-30,發行量加權股價指數,18248.28,18291.25,18216.45,18218.84,C > O,C < O,,202201,18300.0,16480.0,127898.0,18603.01333875432,17600.0,13340.0,101578.0,17140.034259386874,0.0,4954.0,5188.0,0.26,-0.020000000000000018,0.0,-0.0,0.04
2022-01-03,發行量加權股價指數,18218.84,18379.69,18218.84,18270.51,C < O,C > O,,202201,18300.0,17000.0,133444.0,18652.341056922753,17600.0,13948.0,109266.0,17276.722859810005,0.0,5546.0,7688.0,0.22,-0.04000000000000001,0.0,-0.0,0.04
2022-01-04,發行量加權股價指數,18270.51,18526.35,18270.51,18526.35,C < O,C > O,,202201,19000.0,24910.0,143712.0,18758.849643731908,17600.0,13646.0,112626.0,17268.72303020617,0.0,10268.0,3360.0,0.28,0.060000000000000026,0.0,-0.02,0.05
2022-01-05,發行量加權股價指數,18526.35,18619.61,18446.52,18499.96,C > O,C < O,Earned,202201,19000.0,27596.0,149898.0,18768.09697260804,18000.0,15248.0,115226.0,17580.198913439675,0.0,6186.0,2600.0,0.3,0.019999999999999962,0.0,-0.03,0.03
2022-01-06,發行量加權股價指數,18499.96,18499.96,18253.82,18367.92,C > O,C < O,,202201,19000.0,29368.0,163958.0,18757.827004476756,18000.0,16272.0,121626.0,17288.37584069196,0.0,14060.0,6400.0,0.35,0.04999999999999999,0.0,-0.03,0.02
2022-01-07,發行量加權股價指數,18367.92,18444.12,18134.41,18169.76,C > O,C < O,Earned,202201,19000.0,28718.0,174980.0,18742.435706937937,17000.0,15634.0,122572.0,17276.43017981268,0.0,11022.0,946.0,0.43,0.08000000000000002,0.0,-0.04,0.07
2022-01-10,發行量加權股價指數,18169.76,18243.26,18043.97,18239.38,C > O,C > O,Earned,202201,19000.0,28060.0,179014.0,18734.0241545354,17000.0,16270.0,125536.0,17379.868722916137,0.0,4034.0,2964.0,0.43,0.0,1.0,-0.04,0.07
2022-01-11,發行量加權股價指數,18239.38,18293.53,18135.43,18288.21,C > O,C > O,Earned,202201,19000.0,27702.0,179924.0,18600.9370623152,18000.0,15880.0,128734.0,17299.96271381298,0.0,910.0,3198.0,0.4,-0.02999999999999997,1.0,-0.04,0.02
2022-01-12,發行量加權股價指數,18288.21,18394.7,18255.38,18375.4,C < O,C > O,,202201,19000.0,28672.0,191366.0,18613.12772383809,18000.0,19742.0,144574.0,17719.59273451658,0.0,11442.0,15840.0,0.32,-0.08000000000000002,0.0,-0.03,0.02
2022-01-13,發行量加權股價指數,18375.4,18459.73,18346.81,18436.93,C < O,C > O,,202201,19000.0,39354.0,221538.0,18675.82807464182,18000.0,24946.0,183826.0,17840.92456997378,0.0,30172.0,39252.0,0.21,-0.11000000000000001,0.0,-0.03,0.02
2022-01-14,發行量加權股價指數,18436.93,18509.0,18213.44,18403.33,C < O,C < O,Earned,202201,19000.0,51404.0,277530.0,18730.545526609734,18000.0,30380.0,199350.0,17856.807624780537,0.0,55992.0,15524.0,0.39,0.18000000000000002,1.0,-0.03,0.02
2022-01-17,發行量加權股價指數,18403.33,18535.42,18403.33,18525.44,C > O,C > O,Earned,202201,19000.0,49886.0,277784.0,18735.88435619042,18300.0,31466.0,220150.0,18093.09470815353,0.0,254.0,20800.0,0.26,-0.13,1.0,-0.02,0.01
2022-01-18,發行量加權股價指數,18525.44,18575.41,18378.64,18378.64,C < O,C < O,Earned,202201,19000.0,48844.0,283936.0,18670.589146849994,18300.0,31308.0,211252.0,18118.888341885522,0.0,6152.0,-8898.0,0.34,0.08000000000000002,1.0,-0.03,0.0
2022-01-19,發行量加權股價指數,18378.64,18378.64,18199.35,18227.46,,,,202202,19000.0,12828.0,77188.0,19023.190133181324,17000.0,23094.0,72634.0,17498.617727235178,0.0,-206748.0,-138618.0,0.06,-0.28,,-0.04,0.07
2022-01-20,發行量加權股價指數,18227.46,18292.14,18125.2,18218.28,,,,202202,19000.0,14458.0,91126.0,19116.20393740535,17000.0,23120.0,78944.0,17385.919132549654,0.0,13938.0,6310.0,0.15,0.09,,-0.04,0.07
2022-01-21,發行量加權股價指數,18218.28,18218.28,17851.39,17899.3,C > O,C < O,,202202,19000.0,15984.0,101042.0,19016.840521763228,17000.0,24708.0,81988.0,17449.287700639117,0.0,9916.0,3044.0,0.23,0.08000000000000002,0.0,-0.06,0.05
2022-01-24,發行量加權股價指數,17899.3,18004.45,17682.33,17989.04,C > O,C > O,Earned,202202,19000.0,15606.0,109662.0,18923.11648519998,17000.0,24992.0,86910.0,17181.288689448855,0.0,8620.0,4922.0,0.26,0.03,1.0,-0.05,0.06
2022-01-25,發行量加權股價指數,17989.04,17989.04,17645.66,17701.12,C > O,C < O,,202202,18700.0,16138.0,118720.0,18799.883760107816,17000.0,25448.0,83412.0,16938.176761137485,0.0,9058.0,-3498.0,0.42,0.15999999999999998,0.0,-0.05,0.04
2022-01-26,發行量加權股價指數,17701.12,17776.42,17633.03,17674.4,,,,202202,18600.0,16072.0,122482.0,18791.08440423899,17000.0,26136.0,88450.0,16856.171848501977,0.0,3762.0,5038.0,0.38,-0.03999999999999998,,-0.05,0.04
2022-02-07,發行量加權股價指數,17674.4,17900.3,17674.4,17900.3,C < O,C > O,,202202,18200.0,17448.0,135364.0,18685.30037528442,17000.0,27880.0,101520.0,16844.265169424743,0.0,12882.0,13070.0,0.33,-0.04999999999999999,0.0,-0.02,0.05
2022-02-08,發行量加權股價指數,17900.3,18063.55,17900.3,17966.56,C < O,C > O,,202202,18200.0,17036.0,135360.0,18484.4518321513,17000.0,29740.0,110796.0,16912.830788115094,0.0,-4.0,9276.0,0.22,-0.11000000000000001,0.0,-0.01,0.06
2022-02-09,發行量加權股價指數,17966.56,18168.6,17966.56,18151.76,,,,202202,18500.0,20414.0,151604.0,18667.3689348566,17000.0,31722.0,137106.0,17280.261987075693,0.0,16244.0,26310.0,0.11,-0.11,,-0.02,0.07
2022-02-10,發行量加權股價指數,18151.76,18338.05,18145.04,18338.05,C < O,C > O,,202202,18500.0,31942.0,178290.0,18535.97060968086,17000.0,31390.0,190610.0,17673.32983579036,0.0,26686.0,53504.0,-0.06,-0.16999999999999998,0.0,-0.01,0.08
2022-02-11,發行量加權股價指數,18338.05,18338.05,18191.75,18310.94,C < O,C < O,Earned,202202,18500.0,37866.0,218754.0,18533.543615202463,17000.0,31970.0,218628.0,17701.170023967654,0.0,40464.0,28018.0,0.0,0.06,1.0,-0.01,0.08
2022-02-14,發行量加權股價指數,18310.94,18310.94,17965.22,17997.67,C > O,C < O,,202202,18200.0,36754.0,252864.0,18404.960769425463,17000.0,30872.0,198036.0,17623.63105697954,0.0,34110.0,-20592.0,0.28,0.28,0.0,-0.01,0.06
2022-02-15,發行量加權股價指數,17997.67,18085.91,17942.68,17951.81,,,,202202,18200.0,38790.0,252806.0,18265.560943964938,17000.0,32108.0,220094.0,17680.867720155933,0.0,-58.0,22058.0,0.15,-0.13000000000000003,,-0.01,0.06
2022-02-16,發行量加權股價指數,17951.81,18233.79,17951.81,18231.47,,,,202203,19000.0,11008.0,80448.0,19077.06593078759,17000.0,15816.0,72306.0,16392.60642270351,0.0,-172358.0,-147788.0,0.11,-0.039999999999999994,,-0.04,0.07
2022-02-17,發行量加權股價指數,18231.47,18330.63,18190.24,18268.57,,,,202203,19000.0,11644.0,87638.0,19103.58292065086,17000.0,16714.0,79428.0,16456.652565845798,0.0,7190.0,7122.0,0.1,-0.009999999999999995,,-0.04,0.07
2022-02-18,發行量加權股價指數,18268.57,18268.57,18098.52,18232.35,C > O,C < O,,202203,19000.0,11926.0,89938.0,19106.439991994484,17000.0,17332.0,92546.0,16566.336740647894,0.0,2300.0,13118.0,-0.03,-0.13,0.0,-0.04,0.07
2022-02-21,發行量加權股價指數,18232.35,18253.1,18129.65,18221.49,C < O,C < O,Earned,202203,19000.0,13386.0,97840.0,19195.100163532297,17000.0,17908.0,94254.0,16645.428310734824,0.0,7902.0,1708.0,0.04,0.07,1.0,-0.04,0.07
2022-02-22,發行量加權股價指數,18221.49,18221.49,17840.38,17969.29,C > O,C < O,,202203,19000.0,13700.0,102948.0,19109.999222908653,17000.0,17328.0,96310.0,16433.940400789117,0.0,5108.0,2056.0,0.07,0.030000000000000006,0.0,-0.05,0.06
2022-02-23,發行量加權股價指數,17969.29,18109.28,17954.75,18055.73,C > O,C > O,Earned,202203,19000.0,14018.0,106564.0,19091.02135805713,17000.0,18800.0,103246.0,16427.58266664084,0.0,3616.0,6936.0,0.03,-0.04000000000000001,1.0,-0.05,0.06
2022-02-24,發行量加權股價指數,18055.73,18055.73,17561.07,17594.55,C < O,C < O,Earned,202203,18500.0,15116.0,114026.0,18883.365197411116,17000.0,18936.0,106564.0,16434.34555759919,0.0,7462.0,3318.0,0.07,0.04000000000000001,1.0,-0.05,0.03
2022-02-25,發行量加權股價指數,17594.55,17737.32,17554.97,17652.18,C > O,C > O,Earned,202203,19000.0,14970.0,120634.0,18775.055125420695,17000.0,23080.0,112206.0,16444.427214230967,0.0,6608.0,5642.0,0.08,0.009999999999999995,1.0,-0.07,0.04
2022-03-01,發行量加權股價指數,17652.18,17944.5,17652.18,17898.25,C > O,C > O,Earned,202203,18200.0,16598.0,128912.0,18784.4312399156,17000.0,25084.0,124390.0,16500.91164884637,0.0,8278.0,12184.0,0.04,-0.04,1.0,-0.02,0.05
2022-03-02,發行量加權股價指數,17898.25,17918.98,17784.64,17867.6,C < O,C < O,Earned,202203,18200.0,17894.0,134354.0,18774.29775071825,17000.0,24378.0,127894.0,16535.76399205592,0.0,5442.0,3504.0,0.05,0.010000000000000002,1.0,-0.02,0.05
2022-03-03,發行量加權股價指數,17867.6,18026.03,17867.6,17934.4,C > O,C > O,Earned,202203,18200.0,16822.0,136118.0,18775.653477130138,17000.0,24530.0,137434.0,16424.38552323297,0.0,1764.0,9540.0,-0.01,-0.060000000000000005,1.0,-0.01,0.05
2022-03-04,發行量加權股價指數,17934.4,17934.4,17710.54,17736.52,C < O,C < O,Earned,202203,18200.0,19964.0,141882.0,18750.26430414006,17000.0,25952.0,141446.0,16438.67341600328,0.0,5764.0,4012.0,0.0,0.01,1.0,-0.03,0.04
2022-03-07,發行量加權股價指數,17736.52,17736.52,17135.68,17178.69,C > O,C < O,,202203,18200.0,18574.0,145244.0,18669.444520944067,17000.0,24578.0,126778.0,16294.0368202685,0.0,3362.0,-14668.0,0.15,0.15,0.0,-0.06,0.01
2022-03-08,發行量加權股價指數,17178.69,17178.69,16764.78,16825.25,,,,202203,19000.0,19744.0,142858.0,18674.81695109829,17000.0,22966.0,125576.0,16120.214053640822,0.0,-2386.0,-1202.0,0.14,-0.009999999999999981,,-0.11,-0.01
2022-03-09,發行量加權股價指數,16825.25,17072.74,16825.25,17015.36,,,,202203,19000.0,19292.0,157800.0,18039.81115335868,17000.0,23338.0,142214.0,16045.697329376855,0.0,14942.0,16638.0,0.11,-0.030000000000000013,,-0.1,0.0
2022-03-10,發行量加權股價指數,17015.36,17478.43,17015.36,17433.2,C < O,C > O,,202203,18000.0,24668.0,187666.0,17927.122654076924,17000.0,37364.0,177068.0,16175.539340818217,0.0,29866.0,34854.0,0.06,-0.05,0.0,-0.03,0.03
2022-03-11,發行量加權股價指數,17433.2,17433.2,17239.9,17264.74,C < O,C < O,Earned,202203,17800.0,33292.0,226194.0,17882.56717684819,17000.0,34000.0,177342.0,16094.247273629484,0.0,38528.0,274.0,0.28,0.22000000000000003,1.0,-0.03,0.02
2022-03-14,發行量加權股價指數,17264.74,17363.04,17217.58,17263.04,C > O,C < O,Earned,202203,17800.0,33516.0,237968.0,17854.16694681638,17000.0,39432.0,197338.0,16223.67004834345,0.0,11774.0,19996.0,0.21,-0.07000000000000003,0.0,-0.03,0.02
2022-03-15,發行量加權股價指數,17263.04,17263.04,16911.95,16926.06,C < O,C < O,Earned,202203,17800.0,27844.0,226948.0,17489.589245113417,17000.0,28154.0,202722.0,16261.66770256805,0.0,-11020.0,5384.0,0.12,-0.09,1.0,-0.05,-0.0
2022-03-16,發行量加權股價指數,16926.06,17085.77,16808.43,16940.83,,,,202204,21100.0,9216.0,54892.0,18637.04000582963,15000.0,8748.0,50478.0,16073.846031934705,0.0,-172056.0,-152244.0,0.09,-0.03,,-0.2,0.13
2022-03-17,發行量加權股價指數,16940.83,17472.95,16940.83,17448.22,,,,202204,18000.0,11642.0,67720.0,18579.23803898405,16000.0,11220.0,67018.0,16135.217404279447,0.0,12828.0,16540.0,0.01,-0.08,,-0.03,0.09
2022-03-18,發行量加權股價指數,17448.22,17472.38,17359.5,17456.52,C < O,C > O,Earned,202204,18000.0,13940.0,76016.0,18467.733108819197,16000.0,11956.0,72066.0,16068.284627979907,0.0,8296.0,5048.0,0.05,0.04,0.0,-0.03,0.09
2022-03-21,發行量加權股價指數,17456.52,17603.99,17456.52,17560.36,C > O,C > O,Earned,202204,18000.0,15728.0,83350.0,18512.767846430714,16000.0,13480.0,77602.0,16160.439163939074,0.0,7334.0,5536.0,0.07,0.020000000000000004,1.0,-0.02,0.1
2022-03-22,發行量加權股價指數,17560.36,17573.29,17468.55,17559.71,C > O,C < O,,202204,18000.0,16628.0,89508.0,18499.559815882378,16000.0,12804.0,79048.0,16187.73150490841,0.0,6158.0,1446.0,0.13,0.06,0.0,-0.02,0.1
2022-03-23,發行量加權股價指數,17559.71,17738.69,17559.71,17731.37,C > O,C > O,Earned,202204,18000.0,17342.0,100538.0,18514.740695060573,16000.0,14146.0,89020.0,16215.237025387554,0.0,11030.0,9972.0,0.13,0.0,1.0,-0.01,0.11
2022-03-24,發行量加權股價指數,17731.37,17731.37,17603.22,17699.06,C > O,C < O,,202204,18000.0,20464.0,109028.0,18493.203580731555,16000.0,14944.0,93066.0,16218.552425160638,0.0,8490.0,4046.0,0.17,0.04000000000000001,0.0,-0.02,0.11
2022-03-25,發行量加權股價指數,17699.06,17747.13,17633.86,17676.95,C > O,C < O,,202204,18000.0,21572.0,113512.0,18488.087603072803,16000.0,14730.0,93470.0,16228.492564459184,0.0,4484.0,404.0,0.21,0.03999999999999998,0.0,-0.02,0.1
2022-03-28,發行量加權股價指數,17676.95,17676.95,17368.66,17520.01,C > O,C < O,,202204,18000.0,25120.0,119070.0,18343.377844965147,16000.0,14912.0,93428.0,16212.527293744915,0.0,5558.0,-42.0,0.27,0.060000000000000026,0.0,-0.03,0.1
2022-03-29,發行量加權股價指數,17520.01,17585.91,17493.01,17548.66,,,,202204,18000.0,26710.0,123016.0,18332.426676204723,16000.0,14990.0,97736.0,16215.650323319964,0.0,3946.0,4308.0,0.26,-0.010000000000000009,,-0.03,0.1
2022-03-30,發行量加權股價指數,17548.66,17770.07,17548.66,17740.56,C < O,C > O,,202204,18000.0,27192.0,126370.0,18397.05151539131,16000.0,15692.0,101794.0,16455.305813702184,0.0,3354.0,4058.0,0.24,-0.020000000000000018,0.0,-0.01,0.11
2022-03-31,發行量加權股價指數,17740.56,17767.81,17682.53,17693.47,C < O,C < O,Earned,202204,18000.0,28032.0,132412.0,18329.68613116636,16000.0,15720.0,105360.0,16469.56529992407,0.0,6042.0,3566.0,0.26,0.020000000000000018,1.0,-0.02,0.11
2022-04-01,發行量加權股價指數,17693.47,17693.47,17465.61,17625.59,C > O,C < O,,202204,18000.0,29798.0,139726.0,18319.0200821608,16000.0,16798.0,110738.0,16584.845310552835,0.0,7314.0,5378.0,0.26,0.0,0.0,-0.02,0.1
2022-04-06,發行量加權股價指數,17625.59,17625.59,17381.07,17522.5,C > O,C < O,,202204,18000.0,31372.0,145432.0,18298.202596402443,16000.0,17124.0,114612.0,16346.59546993334,0.0,5706.0,3874.0,0.27,0.010000000000000009,0.0,-0.03,0.1
2022-04-07,發行量加權股價指數,17522.5,17522.5,17178.63,17178.63,C > O,C < O,,202204,18000.0,29030.0,144850.0,18209.899896444596,17000.0,14926.0,112120.0,16313.048519443453,0.0,-582.0,-2492.0,0.29,0.019999999999999962,0.0,-0.05,0.01
2022-04-08,發行量加權股價指數,17178.63,17316.69,17178.63,17284.54,,,,202204,18000.0,31008.0,149450.0,18135.797925727667,17000.0,16084.0,119806.0,16208.485384705273,0.0,4600.0,7686.0,0.25,-0.03999999999999998,,-0.04,0.02
2022-04-11,發行量加權股價指數,17284.54,17316.35,17046.67,17048.37,C < O,C < O,Earned,202204,18000.0,30284.0,146816.0,17881.951558413253,16800.0,15106.0,120334.0,16166.287167384115,0.0,-2634.0,528.0,0.22,-0.03,1.0,-0.05,0.01
2022-04-12,發行量加權股價指數,17048.37,17100.85,16905.13,16990.91,,,,202204,18000.0,29546.0,148960.0,17790.16245972073,16800.0,16404.0,129654.0,16030.2343159486,0.0,2144.0,9320.0,0.15,-0.07,,-0.06,0.01
2022-04-13,發行量加權股價指數,16990.91,17333.21,16990.91,17301.65,C < O,C > O,,202204,18000.0,33108.0,179252.0,17773.562359136857,16800.0,20194.0,150982.0,16270.830959981984,0.0,30292.0,21328.0,0.19,0.04000000000000001,0.0,-0.04,0.03
2022-04-14,發行量加權股價指數,17301.65,17374.14,17245.65,17245.65,C > O,C < O,Earned,202204,18000.0,34172.0,224176.0,17744.29109271287,16800.0,22964.0,173866.0,16602.812510784166,0.0,44924.0,22884.0,0.29,0.09999999999999998,0.0,-0.04,0.03
2022-04-15,發行量加權股價指數,17245.65,17245.65,17004.18,17004.18,C > O,C < O,,202204,18000.0,32794.0,238292.0,17655.58222684773,16800.0,24414.0,178880.0,16394.20505366726,0.0,14116.0,5014.0,0.33,0.040000000000000036,0.0,-0.06,0.01
2022-04-18,發行量加權股價指數,17004.18,17004.18,16845.51,16898.87,C > O,C < O,,202204,18000.0,32066.0,247802.0,17541.689736160322,16700.0,28266.0,200816.0,16477.224922316946,0.0,9510.0,21936.0,0.23,-0.1,0.0,-0.06,0.01
2022-04-19,發行量加權股價指數,16898.87,17106.26,16898.87,16993.4,C < O,C > O,,202204,18000.0,31630.0,249700.0,17480.577092511012,16700.0,32258.0,220030.0,16583.704040358134,0.0,1898.0,19214.0,0.13,-0.1,0.0,-0.06,0.02
2022-04-20,發行量加權股價指數,16993.4,17148.88,16983.55,17148.88,,,,202205,21100.0,12434.0,69294.0,18385.118480676538,16000.0,6536.0,46422.0,16084.666752832709,0.0,-180406.0,-173608.0,0.49,0.36,,-0.19,0.07
2022-04-21,發行量加權股價指數,17148.88,17213.66,17106.37,17127.95,,,,202205,21100.0,12478.0,85290.0,18230.282565365225,15800.0,9062.0,57752.0,16229.443136168444,0.0,15996.0,11330.0,0.48,-0.010000000000000009,,-0.19,0.08
2022-04-22,發行量加權股價指數,17127.95,17127.95,16923.87,17025.09,C > O,C < O,,202205,17500.0,12740.0,90828.0,18188.37583124147,15800.0,11740.0,70566.0,16229.926593543632,0.0,5538.0,12814.0,0.29,-0.19,0.0,-0.03,0.08
2022-04-25,發行量加權股價指數,17025.09,17025.09,16579.89,16620.9,C < O,C < O,Earned,202205,21100.0,12536.0,94038.0,18079.01486633063,15800.0,14718.0,71088.0,16179.768737339635,0.0,3210.0,522.0,0.32,0.030000000000000027,1.0,-0.21,0.05
2022-04-26,發行量加權股價指數,16620.9,16729.47,16582.11,16644.79,C > O,C > O,Earned,202205,17500.0,12696.0,97570.0,17990.074818079327,15800.0,15542.0,79536.0,16022.915409374371,0.0,3532.0,8448.0,0.23,-0.09,1.0,-0.05,0.05
2022-04-27,發行量加權股價指數,16644.79,16644.79,16219.41,16303.35,C < O,C < O,Earned,202205,17500.0,13082.0,102762.0,17898.326229540104,15800.0,15262.0,77648.0,15843.7899237585,0.0,5192.0,-1888.0,0.32,0.09,1.0,-0.07,0.03
2022-04-28,發行量加權股價指數,16303.35,16455.57,16256.88,16419.38,,,,202205,17500.0,13020.0,104424.0,17785.81935187313,15800.0,14948.0,86388.0,15894.971523822753,0.0,1662.0,8740.0,0.21,-0.11000000000000001,,-0.06,0.04
2022-04-29,發行量加權股價指數,16419.38,16663.66,16419.38,16592.18,C < O,C > O,,202205,17500.0,12906.0,108258.0,17758.340261227808,15800.0,16126.0,97148.0,15944.215012146416,0.0,3834.0,10760.0,0.11,-0.09999999999999999,0.0,-0.05,0.05
2022-05-03,發行量加權股價指數,16592.18,16604.87,16465.99,16498.9,C < O,C < O,Earned,202205,17000.0,14304.0,117118.0,17706.75045680425,15800.0,16336.0,98272.0,15946.385542168675,0.0,8860.0,1124.0,0.19,0.08,1.0,-0.03,0.04
2022-05-04,發行量加權股價指數,16498.9,16617.06,16498.9,16565.83,C > O,C > O,Earned,202205,17000.0,16302.0,123576.0,17675.995338900757,15800.0,16504.0,98620.0,15873.157574528494,0.0,6458.0,348.0,0.25,0.06,1.0,-0.03,0.05
2022-05-05,發行量加權股價指數,16565.83,16783.78,16565.83,16696.12,C > O,C > O,Earned,202205,17000.0,18188.0,127848.0,17662.21137600901,15800.0,15830.0,100190.0,15941.928336161294,0.0,4272.0,1570.0,0.28,0.030000000000000027,1.0,-0.02,0.06
2022-05-06,發行量加權股價指數,16696.12,16696.12,16312.17,16408.2,C > O,C < O,,202205,17000.0,20046.0,133388.0,17478.046001139533,15500.0,14054.0,99510.0,15934.774394533213,0.0,5540.0,-680.0,0.34,0.06,0.0,-0.03,0.06
2022-05-09,發行量加權股價指數,16408.2,16408.2,16048.92,16048.92,,,,202205,17000.0,20382.0,133382.0,17376.94891364652,15800.0,12896.0,98956.0,15866.031367476455,0.0,-6.0,-554.0,0.35,0.009999999999999953,,-0.06,0.02
2022-05-10,發行量加權股價指數,16048.92,16071.5,15734.44,16061.7,,,,202205,17000.0,19940.0,134860.0,17367.69983686786,15500.0,14770.0,101340.0,15658.332346556148,0.0,1478.0,2384.0,0.33,-0.019999999999999962,,-0.06,0.04
2022-05-11,發行量加權股價指數,16061.7,16081.15,15953.27,16006.25,C < O,C < O,Earned,202205,17000.0,21040.0,154664.0,17145.044742150727,15500.0,18056.0,123174.0,15600.13963985906,0.0,19804.0,21834.0,0.26,-0.07,1.0,-0.06,0.03
2022-05-12,發行量加權股價指數,16006.25,16006.25,15616.68,15616.68,C < O,C < O,Earned,202205,16500.0,27444.0,198678.0,16485.552502038474,15500.0,23074.0,162090.0,15453.944105126782,0.0,44014.0,38916.0,0.23,-0.03,1.0,-0.05,0.01
2022-05-13,發行量加權股價指數,15616.68,15860.69,15616.68,15832.54,C > O,C > O,Earned,202205,16500.0,27122.0,200142.0,16464.24038932358,15000.0,27566.0,193146.0,15392.228676752302,0.0,1464.0,31056.0,0.04,-0.19,1.0,-0.04,0.06
2022-05-16,發行量加權股價指數,15832.54,16032.85,15832.54,15901.04,C < O,C > O,,202205,16300.0,33948.0,238168.0,16323.84619260354,15500.0,31446.0,213042.0,15442.203884680017,0.0,38026.0,19896.0,0.12,0.07999999999999999,0.0,-0.02,0.03
2022-05-17,發行量加權股價指數,15901.04,16085.85,15901.04,16056.09,C > O,C > O,Earned,202205,16200.0,38794.0,236344.0,16321.771654875944,15500.0,26124.0,211134.0,15547.91459452291,0.0,-1824.0,-1908.0,0.12,0.0,1.0,-0.01,0.04
2022-05-18,發行量加權股價指數,16056.09,16316.58,16056.09,16296.86,,,,202206,16500.0,10642.0,64682.0,17330.611298351938,15000.0,12086.0,64098.0,14886.938750039002,0.0,-171662.0,-147036.0,0.01,-0.11,,-0.01,0.09
2022-05-19,發行量加權股價指數,16296.86,16296.86,15892.73,16020.32,,,,202206,16800.0,12162.0,83528.0,17396.513743894262,15000.0,13316.0,71082.0,14808.004839481162,0.0,18846.0,6984.0,0.18,0.16999999999999998,,-0.05,0.07
2022-05-20,發行量加權股價指數,16020.32,16181.66,16020.32,16144.85,C > O,C > O,Earned,202206,16800.0,13994.0,91260.0,17289.40828402367,15000.0,14534.0,73984.0,14837.691933391003,0.0,7732.0,2902.0,0.23,0.05000000000000002,1.0,-0.04,0.08
2022-05-23,發行量加權股價指數,16144.85,16249.45,16125.45,16156.41,C > O,C > O,Earned,202206,16800.0,17996.0,103348.0,17315.491349614895,15000.0,16444.0,81672.0,14952.759819766872,0.0,12088.0,7688.0,0.27,0.04000000000000001,1.0,-0.04,0.08
2022-05-24,發行量加權股價指數,16156.41,16219.8,15963.63,15963.63,C > O,C < O,Earned,202206,16800.0,21248.0,109854.0,17232.474010960002,15000.0,17674.0,90850.0,14981.800770500826,0.0,6506.0,9178.0,0.21,-0.060000000000000026,0.0,-0.05,0.06
2022-05-25,發行量加權股價指數,15963.63,16169.18,15963.63,16104.03,C < O,C > O,,202206,16800.0,22338.0,118516.0,17190.865368389077,15000.0,21454.0,100378.0,14996.194385223855,0.0,8662.0,9528.0,0.18,-0.03,0.0,-0.04,0.07
2022-05-26,發行量加權股價指數,16104.03,16179.01,15949.61,15968.83,C < O,C < O,Earned,202206,16800.0,21914.0,123132.0,17159.986031251014,15000.0,21464.0,100894.0,15067.726524867683,0.0,4616.0,516.0,0.22,0.04000000000000001,1.0,-0.05,0.06
2022-05-27,發行量加權股價指數,15968.83,16266.22,15968.83,16266.22,C > O,C > O,Earned,202206,16800.0,22250.0,127480.0,17147.241920301225,15000.0,20788.0,104572.0,15152.038786673296,0.0,4348.0,3678.0,0.22,0.0,1.0,-0.03,0.08
2022-05-30,發行量加權股價指數,16266.22,16610.62,16266.22,16610.62,C > O,C > O,Earned,202206,16800.0,19304.0,123946.0,17178.800445355235,15000.0,20404.0,111660.0,15274.708937847035,0.0,-3534.0,7088.0,0.11,-0.11,1.0,-0.01,0.11
2022-05-31,發行量加權股價指數,16610.62,16807.77,16493.07,16807.77,,,,202206,17000.0,21402.0,126800.0,17240.605678233438,15000.0,19602.0,115974.0,15393.436459896184,0.0,2854.0,4314.0,0.09,-0.020000000000000004,,-0.01,0.12
2022-06-01,發行量加權股價指數,16807.77,16811.04,16649.91,16675.09,C < O,C < O,Earned,202206,17000.0,23422.0,128180.0,17312.714932126695,15000.0,20622.0,122942.0,15417.49605505035,0.0,1380.0,6968.0,0.04,-0.049999999999999996,1.0,-0.02,0.11
2022-06-02,發行量加權股價指數,16675.09,16675.09,16540.55,16552.57,C < O,C < O,Earned,202206,17000.0,26696.0,136320.0,17292.2080399061,15000.0,19654.0,125140.0,15407.329391081988,0.0,8140.0,2198.0,0.09,0.049999999999999996,1.0,-0.03,0.1
2022-06-06,發行量加權股價指數,16552.57,16654.12,16509.01,16605.96,C > O,C > O,Earned,202206,17000.0,27314.0,141226.0,17285.872289804993,15000.0,21428.0,127834.0,15399.095702238841,0.0,4906.0,2694.0,0.1,0.010000000000000009,1.0,-0.02,0.11
2022-06-07,發行量加權股價指數,16605.96,16605.96,16465.87,16512.88,C > O,C < O,,202206,17000.0,28486.0,151464.0,17304.37331643163,15000.0,22546.0,130516.0,15323.359588096479,0.0,10238.0,2682.0,0.16,0.06,0.0,-0.03,0.1
2022-06-08,發行量加權股價指數,16512.88,16702.99,16512.88,16670.51,C > O,C > O,Earned,202206,17000.0,37812.0,181046.0,17252.848447355922,15000.0,22126.0,160554.0,15645.22092255565,0.0,29582.0,30038.0,0.13,-0.03,1.0,-0.02,0.11
2022-06-09,發行量加權股價指數,16670.51,16670.51,16557.54,16621.34,C < O,C < O,Earned,202206,17000.0,42860.0,213634.0,17203.011692895325,16000.0,26188.0,180442.0,15953.3102049412,0.0,32588.0,19888.0,0.18,0.04999999999999999,1.0,-0.02,0.04
2022-06-10,發行量加權股價指數,16621.34,16621.34,16403.33,16460.12,C > O,C < O,,202206,17000.0,42746.0,239720.0,17096.65276155515,16000.0,27666.0,198746.0,15901.77513006551,0.0,26086.0,18304.0,0.21,0.03,0.0,-0.03,0.03
2022-06-13,發行量加權股價指數,16460.12,16460.12,16055.89,16070.98,C > O,C < O,,202206,17000.0,31690.0,254478.0,16663.17166906373,15800.0,29670.0,213310.0,15732.583563827293,0.0,14758.0,14564.0,0.19,-0.01999999999999999,0.0,-0.05,0.02
2022-06-14,發行量加權股價指數,16070.98,16070.98,15869.06,16047.37,C > O,C < O,,202206,17000.0,28868.0,253580.0,16551.392065620315,15800.0,30762.0,238944.0,15658.848935315387,0.0,-898.0,25634.0,0.06,-0.13,0.0,-0.06,0.02
2022-06-15,發行量加權股價指數,16047.37,16106.75,15981.56,15999.25,,,,202207,17000.0,15250.0,80864.0,16845.117728531855,15000.0,10334.0,51232.0,15085.165521549032,0.0,-172716.0,-187712.0,0.58,0.52,,-0.06,0.07
2022-06-16,發行量加權股價指數,15999.25,16209.25,15838.29,15838.61,,,,202207,17000.0,17474.0,94486.0,16754.32762525665,15000.0,10202.0,53918.0,15008.55002040135,0.0,13622.0,2686.0,0.75,0.17000000000000004,,-0.07,0.06
2022-06-17,發行量加權股價指數,15838.61,15838.61,15573.38,15641.26,C > O,C < O,,202207,17000.0,17432.0,102466.0,16784.568539808326,15000.0,11818.0,59766.0,14866.666666666666,0.0,7980.0,5848.0,0.71,-0.040000000000000036,0.0,-0.08,0.04
2022-06-20,發行量加權股價指數,15641.26,15667.68,15367.58,15367.58,C > O,C < O,,202207,17000.0,17810.0,106832.0,16735.343342818633,15000.0,11982.0,66420.0,14672.442035531467,0.0,4366.0,6654.0,0.61,-0.09999999999999998,0.0,-0.1,0.02
2022-06-21,發行量加權股價指數,15367.58,15728.64,15367.58,15728.64,C < O,C > O,,202207,17000.0,18038.0,111524.0,16590.947240055953,15000.0,12594.0,73014.0,14581.35152162599,0.0,4692.0,6594.0,0.53,-0.07999999999999996,0.0,-0.07,0.05
2022-06-22,發行量加權股價指數,15728.64,15728.64,15346.95,15347.75,C < O,C < O,Earned,202207,17000.0,17954.0,116158.0,16529.983298610514,15000.0,12592.0,76638.0,14458.876797411205,0.0,4634.0,3624.0,0.52,-0.010000000000000009,1.0,-0.1,0.02
2022-06-23,發行量加權股價指數,15347.75,15380.28,15102.4,15176.44,C > O,C < O,,202207,17000.0,18002.0,122516.0,16469.63498645075,15000.0,12038.0,77842.0,14441.594511960124,0.0,6358.0,1204.0,0.57,0.04999999999999993,0.0,-0.11,0.01
2022-06-24,發行量加權股價指數,15176.44,15424.37,15176.44,15303.32,C > O,C > O,Earned,202207,16000.0,17242.0,122848.0,16453.768885126334,15000.0,12840.0,81526.0,14358.25626180605,0.0,332.0,3684.0,0.51,-0.05999999999999994,1.0,-0.04,0.02
2022-06-27,發行量加權股價指數,15303.32,15656.35,15303.32,15548.01,C < O,C > O,,202207,17000.0,17026.0,124414.0,16401.38730367965,15000.0,14004.0,87792.0,14470.434663750684,0.0,1566.0,6266.0,0.42,-0.09000000000000002,0.0,-0.09,0.04
2022-06-28,發行量加權股價指數,15548.01,15548.01,15375.65,15439.92,C < O,C < O,Earned,202207,16000.0,18106.0,132730.0,16079.835756799517,14500.0,13982.0,92208.0,14463.168054832553,0.0,8316.0,4416.0,0.44,0.020000000000000018,1.0,-0.04,0.06
2022-06-29,發行量加權股價指數,15439.92,15439.92,15218.07,15240.13,C > O,C < O,,202207,16000.0,19482.0,135368.0,16078.327226523255,15000.0,14124.0,94172.0,14463.876736184853,0.0,2638.0,1964.0,0.44,0.0,0.0,-0.05,0.02
2022-06-30,發行量加權股價指數,15240.13,15240.13,14825.73,14825.73,C > O,C < O,,202207,16000.0,18212.0,133022.0,15982.378854625551,15000.0,12654.0,87946.0,14392.017829122417,0.0,-2346.0,-6226.0,0.51,0.07,0.0,-0.07,-0.01
2022-07-01,發行量加權股價指數,14825.73,14825.73,14336.03,14343.08,,,,,,,,,,,,,,,,,,,,
