Ticker,名稱,差額(張數),差額(金額),買入均價,成交量,買入占比
'1101,,,,,7550,
'1102,,,,,4431,
'1103,,,,,273,
'1104,,,,,279,
'1108,,,,,81,
'1109,,,,,140,
'1110,,,,,71,
'1201,,,,,296,
'1203,,,,,22,
'1210,,,,,1065,
'1213,,,,,24,
'1215,,,,,399,
'1216,,,,,6784,
'1217,,,,,1301,
'1218,,,,,334,
'1219,,,,,372,
'1220,,,,,229,
'1225,,,,,247,
'1227,,,,,722,
'1229,,,,,4283,
'1231,,,,,307,
'1232,,,,,57,
'1233,,,,,9,
'1234,,,,,183,
'1235,,,,,16,
'1236,,,,,199,
'1240,,,,,11,
'1256,,,,,18,
'1258,,,,,4,
'1259,,,,,11,
'1264,,,,,8,
'1268,,,,,9,
'1301,,,,,6371,
'1303,,,,,6638,
'1304,,,,,4148,
'1305,,,,,5244,
'1307,,,,,38,
'1308,,,,,4042,
'1309,,,,,712,
'1310,,,,,4296,
'1312,,,,,14566,
'1313,,,,,8410,
'1314,,,,,8292,
'1315,,,,,8,
'1316,,,,,9658,
'1319,,,,,187,
'1321,,,,,75,
'1323,,,,,24,
'1324,,,,,33,
'1325,,,,,1092,
'1326,,,,,2125,
'1336,,,,,27,
'1337,,,,,261,
'1338,,,,,257,
'1339,,,,,15,
'1340,,,,,59,
'1341,,,,,3,
'1342,,,,,122,
'1402,,,,,4714,
'1409,,,,,2426,
'1410,,,,,115,
'1413,,,,,31,
'1414,,,,,351,
'1416,,,,,50,
'1417,,,,,181,
'1418,,,,,41,
'1419,,,,,27,
'1423,,,,,38,
'1432,,,,,29,
'1434,,,,,1419,
'1435,,,,,99,
'1436,,,,,52,
'1437,,,,,203,
'1438,,,,,56,
'1439,,,,,16,
'1440,,,,,5107,
'1441,,,,,88,
'1442,,,,,262,
'1443,,,,,2,
'1444,,,,,2182,
'1445,,,,,355,
'1446,,,,,43,
'1447,,,,,2235,
'1449,,,,,41,
'1451,,,,,44,
'1452,,,,,171,
'1453,,,,,83,
'1454,,,,,176,
'1455,,,,,1793,
'1456,,,,,95,
'1457,,,,,473,
'1459,,,,,379,
'1460,,,,,743,
'1463,,,,,25,
'1464,,,,,658,
'1465,,,,,140,
'1466,,,,,106,
'1467,,,,,297,
'1468,,,,,59,
'1470,,,,,22,
'1471,,,,,363,
'1472,,,,,3,
'1473,,,,,68,
'1474,,,,,292,
'1475,,,,,96,
'1476,,,,,552,
'1477,,,,,1684,
'1503,,,,,88,
'1504,,,,,1700,
'1506,,,,,1742,
'1512,,,,,93,
'1513,,,,,1395,
'1514,,,,,307,
'1515,,,,,4003,
'1516,,,,,288,
'1517,,,,,671,
'1519,,,,,746,
'1521,,,,,20,
'1522,,,,,93,
'1524,,,,,117,
'1525,,,,,30,
'1526,,,,,581,
'1527,,,,,188,
'1528,,,,,178,
'1529,,,,,3503,
'1530,,,,,12,
'1531,,,,,139,
'1532,,,,,849,
'1533,,,,,1489,
'1535,,,,,16,
'1536,,,,,674,
'1537,,,,,93,
'1538,,,,,6,
'1539,,,,,207,
'1540,,,,,42,
'1541,,,,,2,
'1558,,,,,160,
'1560,,,,,2748,
'1565,,,,,130,
'1568,,,,,172,
'1569,,,,,93,
'1570,,,,,235,
'1580,,,,,31,
'1582,,,,,219,
'1583,,,,,3,
'1584,,,,,195,
'1586,,,,,153,
'1587,,,,,43,
'1589,,,,,194,
'1590,,,,,806,
'1591,,,,,42,
'1593,,,,,78,
'1595,,,,,37,
'1597,,,,,46,
'1598,,,,,781,
'1599,,,,,328,
'1603,,,,,180,
'1604,,,,,565,
'1605,,,,,8126,
'1608,,,,,1472,
'1609,,,,,2257,
'1611,,,,,3412,
'1612,,,,,946,
'1614,,,,,88,
'1615,,,,,59,
'1616,,,,,314,
'1617,,,,,93,
'1618,,,,,111,
'1626,,,,,27,
'1701,,,,,317,
'1702,,,,,301,
'1707,,,,,238,
'1708,,,,,1104,
'1709,,,,,2706,
'1710,,,,,71556,
'1711,,,,,9478,
'1712,,,,,2628,
'1713,,,,,28,
'1714,,,,,2486,
'1717,,,,,11286,
'1718,,,,,8487,
'1720,,,,,210,
'1721,,,,,6492,
'1722,,,,,1421,
'1723,,,,,212,
'1725,,,,,193,
'1726,,,,,25,
'1727,,,,,4557,
'1730,,,,,23,
'1731,,,,,772,
'1732,,,,,5833,
'1733,,,,,432,
'1734,,,,,536,
'1735,,,,,0,
'1736,,,,,769,
'1737,,,,,362,
'1742,,,,,166,
'1752,,,,,78,
'1760,,,,,6037,
'1762,,,,,275,
'1773,,,,,1187,
'1776,,,,,83,
'1777,,,,,44,
'1781,,,,,62,
'1783,,,,,144,
'1784,,,,,62,
'1785,,,,,5364,
'1786,,,,,61,
'1788,,,,,7,
'1789,,,,,188,
'1795,,,,,1079,
'1796,,,,,36,
'1799,,,,,19,
'1802,,,,,4753,
'1805,,,,,23,
'1806,,,,,407,
'1808,,,,,134,
'1809,,,,,172,
'1810,,,,,635,
'1813,,,,,14,
'1815,,,,,1008,
'1817,,,,,21,
'1903,,,,,64,
'1904,,,,,4316,
'1905,,,,,1917,
'1906,,,,,160,
'1907,,,,,3294,
'1909,,,,,2672,
'2002,,,,,65997,
'2006,,,,,5197,
'2007,,,,,1324,
'2008,,,,,61,
'2009,,,,,8445,
'2010,,,,,1793,
'2012,,,,,258,
'2013,,,,,1508,
'2014,,,,,15309,
'2015,,,,,443,
'2017,,,,,2095,
'2020,,,,,301,
'2022,,,,,1658,
'2023,,,,,8350,
'2024,,,,,38,
'2025,,,,,322,
'2027,,,,,33439,
'2028,,,,,1183,
'2029,,,,,663,
'2030,,,,,3000,
'2031,,,,,4059,
'2032,,,,,863,
'2033,,,,,127,
'2034,,,,,1564,
'2035,,,,,52,
'2038,,,,,1761,
'2049,,,,,2973,
'2059,,,,,202,
'2061,,,,,49,
'2062,,,,,487,
'2063,,,,,38,
'2064,,,,,79,
'2065,,,,,20,
'2066,,,,,7,
'2067,,,,,31,
'2069,,,,,1121,
'2070,,,,,25,
'2101,,,,,4520,
'2102,,,,,1699,
'2103,,,,,4052,
'2104,,,,,1527,
'2105,,,,,5246,
'2106,,,,,407,
'2107,,,,,271,
'2108,,,,,979,
'2109,,,,,47,
'2114,,,,,52,
'2115,,,,,70,
'2201,,,,,1626,
'2204,,,,,635,
'2206,,,,,416,
'2207,,,,,138,
'2208,,,,,907,
'2211,,,,,675,
'2221,,,,,107,
'2227,,,,,38,
'2228,,,,,30,
'2230,,,,,10,
'2231,,,,,176,
'2233,,,,,2452,
'2235,,,,,23,
'2236,,,,,0,
'2239,,,,,116,
'2241,,,,,85,
'2243,,,,,218,
'2247,,,,,37,
'2250,,,,,69,
'2301,,,,,7535,
'2302,,,,,266,
'2303,,,,,114341,
'2305,,,,,11260,
'2308,,,,,6223,
'2312,,,,,9045,
'2313,,,,,8845,
'2314,,,,,1819,
'2316,,,,,589,
'2317,,,,,20202,
'2321,,,,,35,
'2323,,,,,26129,
'2324,,,,,17847,
'2327,,,,,5461,
'2328,,,,,1513,
'2329,,,,,3991,
'2330,,,,,37388,
'2331,,,,,1453,
'2332,,,,,1105,
'2337,,,,,35257,
'2338,,,,,10574,
'2340,,,,,13966,
'2342,,,,,1547,
'2344,,,,,91719,
'2345,,,,,1778,
'2347,,,,,3414,
'2348,,,,,230,
'2349,,,,,2063,
'2351,,,,,1933,
'2352,,,,,6586,
'2353,,,,,10756,
'2354,,,,,9767,
'2355,,,,,2718,
'2356,,,,,4338,
'2357,,,,,1306,
'2358,,,,,12782,
'2359,,,,,10642,
'2360,,,,,1135,
'2362,,,,,175,
'2363,,,,,3376,
'2364,,,,,6,
'2365,,,,,506,
'2367,,,,,1322,
'2368,,,,,23718,
'2369,,,,,5698,
'2371,,,,,10009,
'2373,,,,,9,
'2374,,,,,8947,
'2375,,,,,748,
'2376,,,,,6962,
'2377,,,,,2848,
'2379,,,,,2629,
'2380,,,,,746,
'2382,,,,,7411,
'2383,,,,,3119,
'2385,,,,,3174,
'2387,,,,,587,
'2388,,,,,6378,
'2390,,,,,938,
'2392,,,,,548,
'2393,,,,,11119,
'2395,,,,,592,
'2397,,,,,38,
'2399,,,,,2729,
'2401,,,,,3131,
'2402,,,,,1835,
'2404,,,,,450,
'2405,,,,,2939,
'2406,,,,,5368,
'2408,,,,,8852,
'2409,,,,,90503,
'2412,,,,,6645,
'2413,,,,,319,
'2414,,,,,166,
'2415,,,,,454,
'2417,,,,,963,
'2419,,,,,497,
'2420,,,,,285,
'2421,,,,,3430,
'2423,,,,,62,
'2424,,,,,0,
'2425,,,,,810,
'2426,,,,,9892,
'2427,,,,,1299,
'2428,,,,,188,
'2429,,,,,43,
'2430,,,,,298,
'2431,,,,,129,
'2433,,,,,30,
'2434,,,,,7,
'2436,,,,,8707,
'2438,,,,,81,
'2439,,,,,379,
'2440,,,,,224,
'2441,,,,,2322,
'2442,,,,,3483,
'2443,,,,,47,
'2444,,,,,282,
'2449,,,,,7137,
'2450,,,,,85,
'2451,,,,,420,
'2453,,,,,292,
'2454,,,,,8726,
'2455,,,,,2504,
'2457,,,,,12015,
'2458,,,,,2658,
'2459,,,,,91,
'2460,,,,,246,
'2461,,,,,6888,
'2462,,,,,16539,
'2464,,,,,309,
'2465,,,,,2420,
'2466,,,,,76,
'2467,,,,,160,
'2468,,,,,13,
'2471,,,,,51,
'2472,,,,,1513,
'2474,,,,,1224,
'2476,,,,,2523,
'2477,,,,,681,
'2478,,,,,224,
'2480,,,,,553,
'2481,,,,,9905,
'2482,,,,,380,
'2483,,,,,87,
'2484,,,,,769,
'2485,,,,,597,
'2486,,,,,2525,
'2488,,,,,20,
'2489,,,,,1144,
'2491,,,,,67,
'2492,,,,,1884,
'2493,,,,,306,
'2495,,,,,711,
'2496,,,,,9,
'2497,,,,,38732,
'2498,,,,,27922,
'2501,,,,,428,
'2504,,,,,4588,
'2505,,,,,467,
'2506,,,,,142,
'2509,,,,,57,
'2511,,,,,603,
'2514,,,,,99,
'2515,,,,,3250,
'2516,,,,,262,
'2520,,,,,567,
'2524,,,,,33,
'2527,,,,,269,
'2528,,,,,64,
'2530,,,,,780,
'2534,,,,,326,
'2535,,,,,342,
'2536,,,,,65,
'2537,,,,,1196,
'2538,,,,,499,
'2539,,,,,137,
'2540,,,,,24,
'2542,,,,,4371,
'2543,,,,,32,
'2545,,,,,314,
'2546,,,,,164,
'2547,,,,,6172,
'2548,,,,,485,
'2596,,,,,36,
'2597,,,,,87,
'2601,,,,,4894,
'2603,,,,,111847,
'2605,,,,,5880,
'2606,,,,,12894,
'2607,,,,,14359,
'2608,,,,,1086,
'2609,,,,,42037,
'2610,,,,,219199,
'2611,,,,,823,
'2612,,,,,1111,
'2613,,,,,176,
'2614,,,,,7481,
'2615,,,,,36723,
'2616,,,,,285,
'2617,,,,,2042,
'2618,,,,,251728,
'2630,,,,,99,
'2633,,,,,2750,
'2634,,,,,1002,
'2636,,,,,1669,
'2637,,,,,18985,
'2640,,,,,15,
'2641,,,,,3147,
'2642,,,,,1237,
'2643,,,,,42,
'2701,,,,,267,
'2702,,,,,540,
'2704,,,,,153,
'2705,,,,,67,
'2706,,,,,143,
'2707,,,,,195,
'2712,,,,,1,
'2718,,,,,0,
'2719,,,,,4,
'2722,,,,,10,
'2723,,,,,353,
'2724,,,,,27,
'2726,,,,,127,
'2727,,,,,199,
'2729,,,,,15,
'2731,,,,,542,
'2732,,,,,76,
'2734,,,,,217,
'2736,,,,,38,
'2739,,,,,54,
'2740,,,,,74,
'2743,,,,,82,
'2745,,,,,12,
'2748,,,,,12,
'2752,,,,,23,
'2753,,,,,59,
'2754,,,,,21,
'2755,,,,,5,
'2756,,,,,30,
'2801,,,,,10286,
'2809,,,,,1906,
'2812,,,,,6128,
'2816,,,,,69,
'2820,,,,,877,
'2832,,,,,193,
'2834,,,,,28588,
'2836,,,,,1846,
'2838,,,,,1701,
'2841,,,,,12571,
'2845,,,,,3227,
'2849,,,,,55,
'2850,,,,,70,
'2851,,,,,233,
'2852,,,,,244,
'2855,,,,,832,
'2867,,,,,3438,
'2880,,,,,11493,
'2881,,,,,15114,
'2882,,,,,19192,
'2883,,,,,58819,
'2884,,,,,20317,
'2885,,,,,15691,
'2886,,,,,19050,
'2887,,,,,18712,
'2888,,,,,45337,
'2889,,,,,3439,
'2890,,,,,14795,
'2891,,,,,55787,
'2892,,,,,11769,
'2897,,,,,9213,
'2901,,,,,36,
'2903,,,,,542,
'2904,,,,,38,
'2905,,,,,271,
'2906,,,,,2438,
'2908,,,,,140,
'2910,,,,,7,
'2911,,,,,130,
'2912,,,,,2248,
'2913,,,,,1341,
'2915,,,,,2644,
'2916,,,,,18,
'2923,,,,,15,
'2924,,,,,15,
'2926,,,,,8,
'2929,,,,,168,
'2936,,,,,3,
'2937,,,,,12,
'2939,,,,,191,
'2945,,,,,16,
'2947,,,,,6,
'3002,,,,,132,
'3003,,,,,609,
'3004,,,,,52,
'3005,,,,,978,
'3006,,,,,3436,
'3008,,,,,234,
'3010,,,,,483,
'3011,,,,,787,
'3013,,,,,101,
'3014,,,,,1073,
'3015,,,,,90,
'3016,,,,,2391,
'3017,,,,,11832,
'3018,,,,,365,
'3019,,,,,1907,
'3021,,,,,81,
'3022,,,,,101,
'3023,,,,,439,
'3024,,,,,212,
'3025,,,,,311,
'3026,,,,,576,
'3027,,,,,791,
'3028,,,,,538,
'3029,,,,,542,
'3030,,,,,797,
'3031,,,,,425,
'3032,,,,,51,
'3033,,,,,4290,
'3034,,,,,6912,
'3035,,,,,44250,
'3036,,,,,2413,
'3037,,,,,30957,
'3038,,,,,324,
'3040,,,,,38,
'3041,,,,,10409,
'3042,,,,,3095,
'3043,,,,,523,
'3044,,,,,681,
'3045,,,,,3585,
'3046,,,,,503,
'3047,,,,,4418,
'3048,,,,,3746,
'3049,,,,,27075,
'3050,,,,,2128,
'3051,,,,,2632,
'3052,,,,,574,
'3054,,,,,36,
'3055,,,,,175,
'3056,,,,,476,
'3057,,,,,313,
'3058,,,,,214,
'3059,,,,,55126,
'3060,,,,,370,
'3062,,,,,2913,
'3064,,,,,5,
'3066,,,,,830,
'3067,,,,,0,
'3071,,,,,446,
'3073,,,,,0,
'3078,,,,,249,
'3081,,,,,150,
'3083,,,,,3021,
'3085,,,,,21,
'3086,,,,,3690,
'3088,,,,,8641,
'3089,,,,,17,
'3090,,,,,274,
'3092,,,,,446,
'3093,,,,,36,
'3094,,,,,1653,
'3095,,,,,88,
'3105,,,,,2795,
'3114,,,,,183,
'3115,,,,,4,
'3118,,,,,1,
'3122,,,,,1412,
'3128,,,,,188,
'3130,,,,,4,
'3131,,,,,63,
'3138,,,,,355,
'3141,,,,,17806,
'3147,,,,,30,
'3149,,,,,667,
'3152,,,,,574,
'3162,,,,,500,
'3163,,,,,107,
'3164,,,,,36,
'3167,,,,,520,
'3169,,,,,4417,
'3171,,,,,2,
'3176,,,,,238,
'3178,,,,,81,
'3188,,,,,101,
'3189,,,,,9061,
'3191,,,,,106,
'3202,,,,,8470,
'3205,,,,,29,
'3206,,,,,58,
'3207,,,,,530,
'3209,,,,,2830,
'3211,,,,,329,
'3213,,,,,56,
'3217,,,,,2908,
'3218,,,,,162,
'3219,,,,,498,
'3221,,,,,640,
'3224,,,,,269,
'3226,,,,,12,
'3227,,,,,481,
'3228,,,,,1021,
'3229,,,,,12,
'3230,,,,,325,
'3231,,,,,44778,
'3232,,,,,622,
'3234,,,,,89,
'3236,,,,,73,
'3252,,,,,6,
'3257,,,,,387,
'3259,,,,,74,
'3260,,,,,11880,
'3264,,,,,6270,
'3265,,,,,492,
'3266,,,,,23,
'3268,,,,,57,
'3272,,,,,35,
'3276,,,,,302,
'3284,,,,,101,
'3285,,,,,41,
'3287,,,,,65,
'3288,,,,,20,
'3289,,,,,167,
'3290,,,,,1805,
'3293,,,,,235,
'3294,,,,,8275,
'3296,,,,,128,
'3297,,,,,86,
'3303,,,,,1395,
'3305,,,,,3616,
'3306,,,,,337,
'3308,,,,,189,
'3310,,,,,67,
'3311,,,,,22,
'3312,,,,,788,
'3313,,,,,59,
'3317,,,,,741,
'3321,,,,,169,
'3322,,,,,5967,
'3323,,,,,253,
'3324,,,,,3371,
'3325,,,,,94,
'3332,,,,,0,
'3338,,,,,8345,
'3339,,,,,322,
'3346,,,,,424,
'3354,,,,,173,
'3356,,,,,162,
'3357,,,,,130,
'3360,,,,,143,
'3362,,,,,316,
'3363,,,,,258,
'3372,,,,,604,
'3373,,,,,287,
'3374,,,,,429,
'3376,,,,,876,
'3379,,,,,113,
'3380,,,,,1923,
'3383,,,,,259,
'3388,,,,,53,
'3390,,,,,262,
'3402,,,,,1163,
'3406,,,,,1674,
'3413,,,,,813,
'3416,,,,,60,
'3419,,,,,1665,
'3426,,,,,5,
'3432,,,,,55,
'3434,,,,,123,
'3437,,,,,4162,
'3438,,,,,199,
'3441,,,,,99,
'3443,,,,,2951,
'3444,,,,,112,
'3450,,,,,197,
'3454,,,,,40,
'3455,,,,,31236,
'3465,,,,,40,
'3466,,,,,230,
'3479,,,,,166,
'3481,,,,,84135,
'3483,,,,,2219,
'3484,,,,,1851,
'3489,,,,,38,
'3490,,,,,262,
'3491,,,,,6525,
'3492,,,,,3147,
'3494,,,,,24,
'3498,,,,,39,
'3499,,,,,6323,
'3501,,,,,44,
'3504,,,,,922,
'3508,,,,,23344,
'3511,,,,,221,
'3512,,,,,40,
'3515,,,,,869,
'3516,,,,,106,
'3518,,,,,123,
'3520,,,,,135,
'3521,,,,,48,
'3522,,,,,138,
'3523,,,,,13,
'3526,,,,,4364,
'3527,,,,,643,
'3528,,,,,21,
'3529,,,,,1139,
'3530,,,,,918,
'3531,,,,,7,
'3532,,,,,7992,
'3533,,,,,371,
'3535,,,,,2727,
'3536,,,,,65,
'3537,,,,,1829,
'3540,,,,,77,
'3541,,,,,253,
'3543,,,,,172,
'3545,,,,,4115,
'3546,,,,,455,
'3548,,,,,2949,
'3550,,,,,87,
'3551,,,,,492,
'3552,,,,,408,
'3555,,,,,20,
'3556,,,,,3214,
'3557,,,,,41,
'3558,,,,,996,
'3563,,,,,1711,
'3564,,,,,37,
'3567,,,,,63,
'3570,,,,,69,
'3576,,,,,2314,
'3577,,,,,416,
'3580,,,,,801,
'3581,,,,,137,
'3583,,,,,3639,
'3587,,,,,426,
'3588,,,,,3757,
'3591,,,,,545,
'3592,,,,,747,
'3593,,,,,116,
'3594,,,,,722,
'3596,,,,,9881,
'3597,,,,,27,
'3605,,,,,3286,
'3607,,,,,1505,
'3609,,,,,320,
'3611,,,,,49,
'3615,,,,,456,
'3617,,,,,23,
'3622,,,,,111,
'3623,,,,,105,
'3624,,,,,35960,
'3625,,,,,282,
'3628,,,,,268,
'3629,,,,,5,
'3630,,,,,158,
'3631,,,,,49,
'3632,,,,,14,
'3642,,,,,13,
'3645,,,,,2374,
'3646,,,,,122,
'3652,,,,,30,
'3653,,,,,550,
'3661,,,,,5328,
'3663,,,,,84,
'3664,,,,,72,
'3665,,,,,4157,
'3666,,,,,196,
'3669,,,,,319,
'3672,,,,,287,
'3673,,,,,709,
'3675,,,,,3305,
'3679,,,,,54,
'3680,,,,,487,
'3682,,,,,3509,
'3684,,,,,172,
'3685,,,,,80,
'3686,,,,,209,
'3687,,,,,9498,
'3689,,,,,6347,
'3691,,,,,201,
'3693,,,,,398,
'3694,,,,,163,
'3701,,,,,17854,
'3702,,,,,3653,
'3703,,,,,409,
'3704,,,,,3949,
'3705,,,,,163,
'3706,,,,,3261,
'3707,,,,,9787,
'3708,,,,,689,
'3709,,,,,78,
'3710,,,,,11231,
'3711,,,,,18157,
'3712,,,,,292,
'3713,,,,,30,
'3714,,,,,51909,
'4102,,,,,62,
'4104,,,,,170,
'4105,,,,,405,
'4106,,,,,74,
'4107,,,,,207,
'4108,,,,,657,
'4109,,,,,661,
'4111,,,,,222,
'4113,,,,,37,
'4114,,,,,544,
'4116,,,,,904,
'4119,,,,,211,
'4120,,,,,229,
'4121,,,,,152,
'4123,,,,,826,
'4126,,,,,58,
'4127,,,,,201,
'4128,,,,,1238,
'4129,,,,,35,
'4130,,,,,435,
'4131,,,,,6,
'4133,,,,,2355,
'4137,,,,,119,
'4138,,,,,0,
'4139,,,,,7,
'4142,,,,,727,
'4147,,,,,823,
'4148,,,,,94,
'4153,,,,,22,
'4154,,,,,6,
'4155,,,,,48,
'4157,,,,,1080,
'4160,,,,,11,
'4161,,,,,8,
'4162,,,,,363,
'4163,,,,,29,
'4164,,,,,108,
'4167,,,,,297,
'4168,,,,,553,
'4171,,,,,2059,
'4173,,,,,33,
'4174,,,,,1933,
'4175,,,,,15,
'4183,,,,,2,
'4188,,,,,53,
'4190,,,,,19,
'4192,,,,,314,
'4198,,,,,18,
'4205,,,,,12,
'4207,,,,,209,
'4303,,,,,71,
'4304,,,,,118,
'4305,,,,,0,
'4306,,,,,658,
'4401,,,,,28,
'4402,,,,,105,
'4406,,,,,51,
'4413,,,,,1,
'4414,,,,,4594,
'4416,,,,,5,
'4417,,,,,34,
'4419,,,,,3,
'4420,,,,,32,
'4426,,,,,235,
'4429,,,,,2,
'4430,,,,,13,
'4432,,,,,283,
'4433,,,,,19,
'4438,,,,,128,
'4439,,,,,10,
'4440,,,,,135,
'4502,,,,,7,
'4503,,,,,472,
'4506,,,,,43,
'4510,,,,,129,
'4513,,,,,3243,
'4523,,,,,42,
'4526,,,,,91,
'4527,,,,,32,
'4528,,,,,25,
'4529,,,,,1665,
'4530,,,,,17,
'4532,,,,,144,
'4533,,,,,92,
'4534,,,,,198,
'4535,,,,,5,
'4536,,,,,65,
'4538,,,,,7,
'4540,,,,,39,
'4541,,,,,44,
'4542,,,,,35,
'4543,,,,,625,
'4545,,,,,33,
'4549,,,,,225,
'4550,,,,,25,
'4551,,,,,862,
'4552,,,,,161,
'4554,,,,,36,
'4555,,,,,24,
'4556,,,,,0,
'4557,,,,,26,
'4560,,,,,82,
'4561,,,,,267,
'4562,,,,,166,
'4563,,,,,26,
'4564,,,,,127,
'4566,,,,,35,
'4568,,,,,8,
'4571,,,,,143,
'4572,,,,,22,
'4576,,,,,76,
'4580,,,,,79,
'4581,,,,,8,
'4609,,,,,29,
'4702,,,,,68,
'4706,,,,,37,
'4707,,,,,475,
'4711,,,,,130,
'4714,,,,,460,
'4716,,,,,793,
'4720,,,,,917,
'4721,,,,,1597,
'4722,,,,,1338,
'4726,,,,,771,
'4728,,,,,271,
'4729,,,,,66,
'4735,,,,,40,
'4736,,,,,1004,
'4737,,,,,9,
'4739,,,,,3870,
'4741,,,,,0,
'4743,,,,,1187,
'4744,,,,,461,
'4745,,,,,143,
'4746,,,,,356,
'4747,,,,,3,
'4754,,,,,63,
'4755,,,,,11616,
'4760,,,,,52,
'4763,,,,,169,
'4764,,,,,39,
'4766,,,,,52,
'4767,,,,,7,
'4770,,,,,259,
'4804,,,,,224,
'4806,,,,,5,
'4807,,,,,156,
'4903,,,,,202,
'4904,,,,,4728,
'4905,,,,,0,
'4906,,,,,22594,
'4907,,,,,21,
'4908,,,,,89,
'4909,,,,,54,
'4911,,,,,6,
'4912,,,,,57,
'4915,,,,,1779,
'4916,,,,,321,
'4919,,,,,52323,
'4924,,,,,0,
'4927,,,,,4480,
'4930,,,,,606,
'4931,,,,,349,
'4933,,,,,136,
'4934,,,,,1042,
'4935,,,,,163,
'4938,,,,,7100,
'4939,,,,,1112,
'4942,,,,,348,
'4943,,,,,3389,
'4944,,,,,78,
'4945,,,,,80,
'4946,,,,,1328,
'4950,,,,,554,
'4952,,,,,461,
'4953,,,,,828,
'4956,,,,,3095,
'4958,,,,,2882,
'4960,,,,,10719,
'4961,,,,,4812,
'4966,,,,,1448,
'4967,,,,,1053,
'4968,,,,,1354,
'4971,,,,,106,
'4972,,,,,44,
'4973,,,,,101,
'4974,,,,,63,
'4976,,,,,572,
'4977,,,,,116,
'4979,,,,,122,
'4987,,,,,47,
'4989,,,,,305,
'4991,,,,,37,
'4994,,,,,318,
'4995,,,,,13,
'4999,,,,,81,
'5007,,,,,19,
'5009,,,,,3780,
'5011,,,,,6433,
'5013,,,,,43,
'5014,,,,,911,
'5015,,,,,100,
'5016,,,,,20,
'5102,,,,,8,
'5201,,,,,4,
'5202,,,,,17,
'5203,,,,,34,
'5205,,,,,1,
'5206,,,,,38,
'5209,,,,,12,
'5210,,,,,114,
'5211,,,,,69,
'5212,,,,,51,
'5213,,,,,318,
'5215,,,,,449,
'5220,,,,,46,
'5222,,,,,253,
'5223,,,,,34,
'5225,,,,,22,
'5227,,,,,939,
'5230,,,,,101,
'5234,,,,,941,
'5236,,,,,110,
'5243,,,,,399,
'5244,,,,,349,
'5245,,,,,6679,
'5251,,,,,51,
'5258,,,,,1139,
'5263,,,,,136,
'5269,,,,,910,
'5272,,,,,164,
'5274,,,,,238,
'5276,,,,,37,
'5278,,,,,55,
'5281,,,,,5,
'5283,,,,,76,
'5284,,,,,51,
'5285,,,,,760,
'5287,,,,,23,
'5288,,,,,48,
'5289,,,,,378,
'5291,,,,,217,
'5299,,,,,456,
'5301,,,,,25,
'5302,,,,,167,
'5306,,,,,147,
'5309,,,,,7855,
'5310,,,,,8,
'5312,,,,,36,
'5314,,,,,2,
'5315,,,,,201,
'5321,,,,,2635,
'5324,,,,,65,
'5328,,,,,444,
'5340,,,,,84,
'5344,,,,,2040,
'5345,,,,,4,
'5347,,,,,9631,
'5348,,,,,7,
'5351,,,,,35998,
'5353,,,,,54,
'5355,,,,,196,
'5356,,,,,126,
'5364,,,,,2,
'5371,,,,,1836,
'5381,,,,,65,
'5383,,,,,148,
'5386,,,,,124,
'5388,,,,,5613,
'5392,,,,,350,
'5398,,,,,57,
'5403,,,,,29,
'5410,,,,,264,
'5425,,,,,4430,
'5426,,,,,70,
'5432,,,,,9,
'5434,,,,,342,
'5438,,,,,54,
'5439,,,,,227,
'5443,,,,,495,
'5450,,,,,358,
'5452,,,,,1226,
'5455,,,,,1,
'5457,,,,,518,
'5460,,,,,39,
'5464,,,,,175,
'5465,,,,,65,
'5468,,,,,146,
'5469,,,,,895,
'5471,,,,,1169,
'5474,,,,,29,
'5475,,,,,1171,
'5478,,,,,170,
'5481,,,,,124,
'5483,,,,,13653,
'5484,,,,,20,
'5487,,,,,4,
'5488,,,,,54,
'5489,,,,,17,
'5490,,,,,106,
'5493,,,,,33,
'5498,,,,,288,
'5508,,,,,144,
'5511,,,,,42,
'5512,,,,,227,
'5514,,,,,13,
'5515,,,,,84,
'5516,,,,,102,
'5519,,,,,1210,
'5520,,,,,9,
'5521,,,,,623,
'5522,,,,,820,
'5523,,,,,37,
'5525,,,,,71,
'5529,,,,,170,
'5530,,,,,523,
'5531,,,,,207,
'5533,,,,,208,
'5534,,,,,318,
'5536,,,,,199,
'5538,,,,,177,
'5543,,,,,18,
'5546,,,,,39,
'5601,,,,,1,
'5603,,,,,249,
'5604,,,,,40,
'5607,,,,,678,
'5608,,,,,10584,
'5609,,,,,584,
'5701,,,,,94,
'5703,,,,,11,
'5704,,,,,16,
'5706,,,,,562,
'5820,,,,,501,
'5864,,,,,103,
'5871,,,,,3719,
'5876,,,,,3844,
'5878,,,,,7,
'5880,,,,,10406,
'5902,,,,,54,
'5903,,,,,11,
'5904,,,,,59,
'5905,,,,,369,
'5906,,,,,15,
'5907,,,,,87,
'6005,,,,,2060,
'6015,,,,,594,
'6016,,,,,728,
'6020,,,,,75,
'6021,,,,,3,
'6023,,,,,118,
'6024,,,,,155,
'6026,,,,,2511,
'6101,,,,,8,
'6103,,,,,8,
'6104,,,,,49445,
'6108,,,,,515,
'6109,,,,,27,
'6111,,,,,1658,
'6112,,,,,61,
'6113,,,,,106,
'6114,,,,,32,
'6115,,,,,104,
'6116,,,,,25516,
'6117,,,,,25,
'6118,,,,,12695,
'6120,,,,,3810,
'6121,,,,,404,
'6122,,,,,90,
'6123,,,,,41,
'6124,,,,,18,
'6125,,,,,1463,
'6126,,,,,512,
'6127,,,,,590,
'6128,,,,,101,
'6129,,,,,6273,
'6130,,,,,344,
'6133,,,,,129,
'6134,,,,,6658,
'6136,,,,,268,
'6138,,,,,4986,
'6139,,,,,801,
'6140,,,,,32,
'6141,,,,,69,
'6142,,,,,225,
'6143,,,,,480,
'6144,,,,,13,
'6146,,,,,119,
'6147,,,,,4431,
'6148,,,,,1131,
'6150,,,,,1643,
'6151,,,,,66,
'6152,,,,,1033,
'6153,,,,,2012,
'6154,,,,,49,
'6155,,,,,61,
'6156,,,,,1772,
'6158,,,,,4081,
'6160,,,,,312,
'6161,,,,,3750,
'6163,,,,,288,
'6164,,,,,728,
'6165,,,,,198,
'6166,,,,,64,
'6167,,,,,1301,
'6168,,,,,1064,
'6169,,,,,186,
'6170,,,,,273,
'6171,,,,,91,
'6173,,,,,372,
'6174,,,,,151,
'6175,,,,,852,
'6176,,,,,1476,
'6177,,,,,206,
'6179,,,,,451,
'6180,,,,,1665,
'6182,,,,,38756,
'6183,,,,,25,
'6184,,,,,63,
'6185,,,,,100,
'6186,,,,,56,
'6187,,,,,911,
'6188,,,,,3522,
'6189,,,,,451,
'6190,,,,,6844,
'6191,,,,,1404,
'6192,,,,,92,
'6194,,,,,27,
'6195,,,,,13,
'6196,,,,,1235,
'6197,,,,,349,
'6198,,,,,6,
'6199,,,,,17,
'6201,,,,,14,
'6202,,,,,2001,
'6203,,,,,116,
'6204,,,,,29,
'6205,,,,,36101,
'6206,,,,,169,
'6207,,,,,1386,
'6208,,,,,502,
'6209,,,,,378,
'6210,,,,,24,
'6212,,,,,11,
'6213,,,,,2154,
'6214,,,,,207,
'6215,,,,,385,
'6216,,,,,43,
'6217,,,,,11278,
'6218,,,,,147,
'6219,,,,,4657,
'6220,,,,,167,
'6221,,,,,35,
'6222,,,,,55,
'6223,,,,,512,
'6224,,,,,215,
'6225,,,,,7,
'6226,,,,,4089,
'6227,,,,,92,
'6228,,,,,808,
'6229,,,,,358,
'6230,,,,,18,
'6231,,,,,252,
'6233,,,,,651,
'6234,,,,,87,
'6235,,,,,6349,
'6236,,,,,1,
'6237,,,,,1210,
'6239,,,,,5101,
'6240,,,,,114,
'6241,,,,,30,
'6242,,,,,12,
'6243,,,,,402,
'6244,,,,,1399,
'6245,,,,,209,
'6246,,,,,41,
'6247,,,,,7,
'6248,,,,,432,
'6251,,,,,1057,
'6257,,,,,3056,
'6259,,,,,257,
'6261,,,,,697,
'6263,,,,,70,
'6264,,,,,23,
'6265,,,,,779,
'6266,,,,,6550,
'6269,,,,,11772,
'6270,,,,,116,
'6271,,,,,3622,
'6274,,,,,628,
'6275,,,,,540,
'6276,,,,,18,
'6277,,,,,113,
'6278,,,,,9618,
'6279,,,,,349,
'6281,,,,,50,
'6282,,,,,5455,
'6283,,,,,221,
'6284,,,,,949,
'6285,,,,,1414,
'6287,,,,,12,
'6288,,,,,3049,
'6289,,,,,117,
'6290,,,,,443,
'6291,,,,,16,
'6292,,,,,67,
'6294,,,,,16,
'6404,,,,,5,
'6405,,,,,369,
'6409,,,,,313,
'6411,,,,,7503,
'6412,,,,,495,
'6414,,,,,2313,
'6415,,,,,690,
'6416,,,,,81,
'6417,,,,,19,
'6418,,,,,257,
'6419,,,,,43,
'6425,,,,,12,
'6426,,,,,92,
'6431,,,,,49,
'6432,,,,,161,
'6435,,,,,399,
'6438,,,,,3035,
'6441,,,,,147,
'6442,,,,,4,
'6443,,,,,8429,
'6446,,,,,773,
'6449,,,,,24,
'6451,,,,,97,
'6456,,,,,702,
'6457,,,,,306,
'6461,,,,,103,
'6462,,,,,135,
'6464,,,,,181,
'6465,,,,,974,
'6469,,,,,173,
'6470,,,,,24,
'6472,,,,,135,
'6477,,,,,1949,
'6482,,,,,8,
'6485,,,,,1038,
'6486,,,,,29,
'6488,,,,,6369,
'6491,,,,,462,
'6492,,,,,358,
'6494,,,,,678,
'6496,,,,,25,
'6499,,,,,546,
'6504,,,,,74,
'6505,,,,,1676,
'6506,,,,,47,
'6508,,,,,70,
'6509,,,,,2320,
'6510,,,,,337,
'6512,,,,,50,
'6514,,,,,312,
'6515,,,,,124,
'6516,,,,,28,
'6523,,,,,130,
'6525,,,,,731,
'6527,,,,,17,
'6530,,,,,39,
'6531,,,,,4448,
'6532,,,,,128,
'6533,,,,,1331,
'6535,,,,,1846,
'6538,,,,,357,
'6541,,,,,725,
'6542,,,,,1,
'6547,,,,,997,
'6548,,,,,3749,
'6552,,,,,95,
'6556,,,,,31,
'6558,,,,,95,
'6560,,,,,35,
'6561,,,,,30,
'6568,,,,,1010,
'6569,,,,,11,
'6570,,,,,161,
'6573,,,,,90,
'6574,,,,,1,
'6576,,,,,655,
'6577,,,,,126,
'6578,,,,,64,
'6579,,,,,36,
'6581,,,,,61,
'6582,,,,,153,
'6588,,,,,15,
'6589,,,,,572,
'6590,,,,,5,
'6591,,,,,289,
'6592,,,,,1282,
'6593,,,,,146,
'6594,,,,,116,
'6596,,,,,12,
'6598,,,,,722,
'6603,,,,,1303,
'6605,,,,,83,
'6609,,,,,63,
'6612,,,,,480,
'6613,,,,,50,
'6615,,,,,17,
'6616,,,,,14,
'6624,,,,,35,
'6625,,,,,30,
'6629,,,,,3,
'6640,,,,,11,
'6641,,,,,7,
'6642,,,,,5,
'6643,,,,,790,
'6649,,,,,40,
'6651,,,,,263,
'6654,,,,,117,
'6655,,,,,53,
'6661,,,,,12,
'6662,,,,,14,
'6664,,,,,133,
'6666,,,,,13,
'6667,,,,,390,
'6668,,,,,156,
'6669,,,,,617,
'6670,,,,,703,
'6671,,,,,9,
'6672,,,,,514,
'6674,,,,,20,
'6679,,,,,475,
'6680,,,,,0,
'6683,,,,,105,
'6684,,,,,616,
'6690,,,,,20,
'6691,,,,,79,
'6697,,,,,19,
'6698,,,,,1260,
'6703,,,,,10,
'6706,,,,,4525,
'6712,,,,,417,
'6715,,,,,109,
'6716,,,,,20,
'6719,,,,,1099,
'6727,,,,,86,
'6728,,,,,97,
'6732,,,,,282,
'6733,,,,,50,
'6741,,,,,121,
'6743,,,,,302,
'6747,,,,,0,
'6751,,,,,101,
'6752,,,,,9,
'6754,,,,,46,
'6756,,,,,2013,
'6761,,,,,56,
'6762,,,,,0,
'6767,,,,,62,
'6768,,,,,40,
'6770,,,,,13010,
'6776,,,,,26,
'6781,,,,,462,
'6788,,,,,245,
'6790,,,,,192,
'6792,,,,,180,
'6803,,,,,11,
'6806,,,,,209,
'7402,,,,,5,
'7556,,,,,11,
'8011,,,,,681,
'8016,,,,,1233,
'8021,,,,,792,
'8024,,,,,155,
'8027,,,,,568,
'8028,,,,,1986,
'8032,,,,,8,
'8033,,,,,490,
'8034,,,,,262,
'8038,,,,,945,
'8039,,,,,470,
'8040,,,,,1391,
'8042,,,,,34,
'8043,,,,,117,
'8044,,,,,851,
'8046,,,,,3709,
'8047,,,,,64,
'8048,,,,,773,
'8049,,,,,445,
'8050,,,,,71,
'8054,,,,,2806,
'8059,,,,,44,
'8064,,,,,392,
'8066,,,,,7,
'8067,,,,,9,
'8068,,,,,470,
'8069,,,,,38834,
'8070,,,,,3514,
'8071,,,,,2923,
'8072,,,,,24,
'8074,,,,,174,
'8076,,,,,1009,
'8077,,,,,38,
'8081,,,,,759,
'8083,,,,,46,
'8084,,,,,39,
'8085,,,,,81,
'8086,,,,,2569,
'8087,,,,,37,
'8088,,,,,109,
'8089,,,,,70,
'8091,,,,,1713,
'8092,,,,,109,
'8093,,,,,21,
'8096,,,,,378,
'8097,,,,,787,
'8099,,,,,27,
'8101,,,,,155,
'8103,,,,,1344,
'8104,,,,,6611,
'8105,,,,,601,
'8107,,,,,699,
'8109,,,,,75,
'8110,,,,,2531,
'8111,,,,,15324,
'8112,,,,,2474,
'8114,,,,,277,
'8121,,,,,1859,
'8131,,,,,174,
'8147,,,,,150,
'8150,,,,,4206,
'8155,,,,,4001,
'8163,,,,,752,
'8171,,,,,160,
'8176,,,,,6,
'8182,,,,,191,
'8183,,,,,1219,
'8201,,,,,1849,
'8210,,,,,2222,
'8213,,,,,479,
'8215,,,,,1918,
'8222,,,,,28,
'8234,,,,,162,
'8240,,,,,98,
'8249,,,,,30,
'8255,,,,,2169,
'8261,,,,,5576,
'8271,,,,,481,
'8277,,,,,239,
'8279,,,,,85,
'8284,,,,,21,
'8289,,,,,619,
'8291,,,,,3,
'8299,,,,,11070,
'8341,,,,,42,
'8342,,,,,3,
'8349,,,,,38,
'8354,,,,,15,
'8358,,,,,3913,
'8367,,,,,129,
'8374,,,,,31,
'8383,,,,,121,
'8390,,,,,189,
'8401,,,,,220,
'8403,,,,,132,
'8404,,,,,422,
'8409,,,,,32,
'8410,,,,,2,
'8411,,,,,98,
'8415,,,,,5486,
'8416,,,,,8,
'8418,,,,,0,
'8420,,,,,1766,
'8421,,,,,225,
'8422,,,,,1234,
'8423,,,,,3,
'8424,,,,,19,
'8426,,,,,2,
'8429,,,,,286,
'8431,,,,,477,
'8432,,,,,14,
'8433,,,,,49,
'8435,,,,,46,
'8436,,,,,1224,
'8437,,,,,3,
'8440,,,,,22841,
'8442,,,,,215,
'8443,,,,,42,
'8444,,,,,44,
'8446,,,,,59,
'8450,,,,,6426,
'8454,,,,,539,
'8455,,,,,25,
'8462,,,,,12,
'8463,,,,,45,
'8464,,,,,332,
'8466,,,,,64,
'8467,,,,,2,
'8472,,,,,0,
'8473,,,,,124,
'8476,,,,,294,
'8477,,,,,48,
'8478,,,,,422,
'8480,,,,,1,
'8481,,,,,8,
'8482,,,,,14,
'8488,,,,,15,
'8489,,,,,92,
'8499,,,,,87,
'8905,,,,,5200,
'8906,,,,,21,
'8908,,,,,12,
'8916,,,,,46,
'8917,,,,,0,
'8921,,,,,10,
'8923,,,,,26,
'8924,,,,,795,
'8926,,,,,454,
'8927,,,,,761,
'8928,,,,,156,
'8929,,,,,14,
'8930,,,,,27,
'8931,,,,,35,
'8932,,,,,66,
'8933,,,,,700,
'8935,,,,,665,
'8936,,,,,275,
'8937,,,,,2,
'8938,,,,,2137,
'8940,,,,,43,
'8941,,,,,12,
'8942,,,,,225,
'8996,,,,,256,
'9802,,,,,1611,
'9902,,,,,303,
'9904,,,,,3640,
'9905,,,,,188,
'9906,,,,,85,
'9907,,,,,1707,
'9908,,,,,69,
'9910,,,,,430,
'9911,,,,,111,
'9912,,,,,72,
'9914,,,,,1198,
'9917,,,,,237,
'9918,,,,,4,
'9919,,,,,1826,
'9921,,,,,971,
'9924,,,,,277,
'9925,,,,,199,
'9926,,,,,14,
'9927,,,,,79,
'9928,,,,,26,
'9929,,,,,7,
'9930,,,,,105,
'9931,,,,,9,
'9933,,,,,2290,
'9934,,,,,53,
'9935,,,,,46,
'9937,,,,,35,
'9938,,,,,632,
'9939,,,,,3954,
'9940,,,,,362,
'9941,,,,,867,
'9942,,,,,105,
'9943,,,,,65,
'9944,,,,,310,
'9945,,,,,7263,
'9946,,,,,218,
'9949,,,,,53,
'9950,,,,,3,
'9951,,,,,188,
'9955,,,,,43,
'9958,,,,,1088,
'9960,,,,,5,
'9962,,,,,470,
