[{"FUT_Ticker": "CA", "FullName": "\u5357\u4e9e\u5851\u81a0\u5de5\u696d\u80a1\u4efd\u6709\u9650\u516c\u53f8", "STC_Ticker": "1303", "ShortName": "\u5357\u4e9e", "HasFut": "\u25cf", "HasOpt": "\u25cf", "IsList": "\u25ce", "IsOTC": NaN, "IsETF": NaN, "Multiplier": 2000.0}, {"FUT_Ticker": "CB", "FullName": "\u4e2d\u570b\u92fc\u9435\u80a1\u4efd\u6709\u9650\u516c\u53f8", "STC_Ticker": "2002", "ShortName": "\u4e2d\u92fc", "HasFut": "\u25cf", "HasOpt": "\u25cf", "IsList": "\u25ce", "IsOTC": NaN, "IsETF": NaN, "Multiplier": 2000.0}, {"FUT_Ticker": "CC", "FullName": "\u806f\u83ef\u96fb\u5b50\u80a1\u4efd\u6709\u9650\u516c\u53f8", "STC_Ticker": "2303", "ShortName": "\u806f\u96fb", "HasFut": "\u25cf", "HasOpt": "\u25cf", "IsList": "\u25ce", "IsOTC": NaN, "IsETF": NaN, "Multiplier": 2000.0}, {"FUT_Ticker": "CD", "FullName": "\u53f0\u7063\u7a4d\u9ad4\u96fb\u8def\u88fd\u9020\u80a1\u4efd\u6709\u9650\u516c\u53f8", "STC_Ticker": "2330", "ShortName": "\u53f0\u7a4d\u96fb", "HasFut": "\u25cf", "HasOpt": "\u25cf", "IsList": "\u25ce", "IsOTC": NaN, "IsETF": NaN, "Multiplier": 2000.0}, {"FUT_Ticker": "CE", "FullName": "\u5bcc\u90a6\u91d1\u878d\u63a7\u80a1\u80a1\u4efd\u6709\u9650\u516c\u53f8", "STC_Ticker": "2881", "ShortName": "\u5bcc\u90a6\u91d1", "HasFut": "\u25cf", "HasOpt": "\u25cf", "IsList": "\u25ce", "IsOTC": NaN, "IsETF": NaN, "Multiplier": 2000.0}, {"FUT_Ticker": "CF", "FullName": "\u53f0\u7063\u5851\u81a0\u5de5\u696d\u80a1\u4efd\u6709\u9650\u516c\u53f8", "STC_Ticker": "1301", "ShortName": "\u53f0\u5851", "HasFut": "\u25cf", "HasOpt": "\u25cf", "IsList": "\u25ce", "IsOTC": NaN, "IsETF": NaN, "Multiplier": 2000.0}, {"FUT_Ticker": "CG", "FullName": "\u4ec1\u5bf6\u96fb\u8166\u5de5\u696d\u80a1\u4efd\u6709\u9650\u516c\u53f8", "STC_Ticker": "2324", "ShortName": "\u4ec1\u5bf6", "HasFut": "\u25cf", "HasOpt": "\u25cf", "IsList": "\u25ce", "IsOTC": NaN, "IsETF": NaN, "Multiplier": 2000.0}, {"FUT_Ticker": "CH", "FullName": "\u53cb\u9054\u5149\u96fb\u80a1\u4efd\u6709\u9650\u516c\u53f8", "STC_Ticker": "2409", "ShortName": "\u53cb\u9054", "HasFut": "\u25cf", "HasOpt": "\u25cf", "IsList": "\u25ce", "IsOTC": NaN, "IsETF": NaN, "Multiplier": 2000.0}, {"FUT_Ticker": "CJ", "FullName": "\u83ef\u5357\u91d1\u878d\u63a7\u80a1\u80a1\u4efd\u6709\u9650\u516c\u53f8", "STC_Ticker": "2880", "ShortName": "\u83ef\u5357\u91d1", "HasFut": "\u25cf", "HasOpt": "\u25cf", "IsList": "\u25ce", "IsOTC": NaN, "IsETF": NaN, "Multiplier": 2000.0}, {"FUT_Ticker": "CK", "FullName": "\u570b\u6cf0\u91d1\u878d\u63a7\u80a1\u80a1\u4efd\u6709\u9650\u516c\u53f8", "STC_Ticker": "2882", "ShortName": "\u570b\u6cf0\u91d1", "HasFut": "\u25cf", "HasOpt": "\u25cf", "IsList": "\u25ce", "IsOTC": NaN, "IsETF": NaN, "Multiplier": 2000.0}, {"FUT_Ticker": "CL", "FullName": "\u5146\u8c50\u91d1\u878d\u63a7\u80a1\u80a1\u4efd\u6709\u9650\u516c\u53f8", "STC_Ticker": "2886", "ShortName": "\u5146\u8c50\u91d1", "HasFut": "\u25cf", "HasOpt": "\u25cf", "IsList": "\u25ce", "IsOTC": NaN, "IsETF": NaN, "Multiplier": 2000.0}, {"FUT_Ticker": "CM", "FullName": "\u53f0\u65b0\u91d1\u878d\u63a7\u80a1\u80a1\u4efd\u6709\u9650\u516c\u53f8", "STC_Ticker": "2887", "ShortName": "\u53f0\u65b0\u91d1", "HasFut": "\u25cf", "HasOpt": "\u25cf", "IsList": "\u25ce", "IsOTC": NaN, "IsETF": NaN, "Multiplier": 2000.0}, {"FUT_Ticker": "CN", "FullName": "\u4e2d\u570b\u4fe1\u8a17\u91d1\u878d\u63a7\u80a1\u80a1\u4efd\u6709\u9650\u516c\u53f8", "STC_Ticker": "2891", "ShortName": "\u4e2d\u4fe1\u91d1", "HasFut": "\u25cf", "HasOpt": "\u25cf", "IsList": "\u25ce", "IsOTC": NaN, "IsETF": NaN, "Multiplier": 2000.0}, {"FUT_Ticker": "CQ", "FullName": "\u7d71\u4e00\u4f01\u696d\u80a1\u4efd\u6709\u9650\u516c\u53f8", "STC_Ticker": "1216", "ShortName": "\u7d71\u4e00", "HasFut": "\u25cf", "HasOpt": "\u25cf", "IsList": "\u25ce", "IsOTC": NaN, "IsETF": NaN, "Multiplier": 2000.0}, {"FUT_Ticker": "CR", "FullName": "\u9060\u6771\u65b0\u4e16\u7d00\u80a1\u4efd\u6709\u9650\u516c\u53f8", "STC_Ticker": "1402", "ShortName": "\u9060\u6771\u65b0", "HasFut": "\u25cf", "HasOpt": "\u25cf", "IsList": "\u25ce", "IsOTC": NaN, "IsETF": NaN, "Multiplier": 2000.0}, {"FUT_Ticker": "CS", "FullName": "\u83ef\u65b0\u9e97\u83ef\u80a1\u4efd\u6709\u9650\u516c\u53f8", "STC_Ticker": "1605", "ShortName": "\u83ef\u65b0", "HasFut": "\u25cf", "HasOpt": "\u25cf", "IsList": "\u25ce", "IsOTC": NaN, "IsETF": NaN, "Multiplier": 2000.0}, {"FUT_Ticker": "CU", "FullName": "\u4e2d\u74b0\u80a1\u4efd\u6709\u9650\u516c\u53f8", "STC_Ticker": "2323", "ShortName": "\u4e2d\u74b0", "HasFut": "\u25cf", "HasOpt": NaN, "IsList": "\u25ce", "IsOTC": NaN, "IsETF": NaN, "Multiplier": 2000.0}, {"FUT_Ticker": "CW", "FullName": "\u4f73\u4e16\u9054\u79d1\u6280\u80a1\u4efd\u6709\u9650\u516c\u53f8", "STC_Ticker": "2352", "ShortName": "\u4f73\u4e16\u9054", "HasFut": "\u25cf", "HasOpt": NaN, "IsList": "\u25ce", "IsOTC": NaN, "IsETF": NaN, "Multiplier": 2000.0}, {"FUT_Ticker": "CX", "FullName": "\u5927\u540c\u80a1\u4efd\u6709\u9650\u516c\u53f8", "STC_Ticker": "2371", "ShortName": "\u5927\u540c", "HasFut": "\u25cf", "HasOpt": "\u25cf", "IsList": "\u25ce", "IsOTC": NaN, "IsETF": NaN, "Multiplier": 2000.0}, {"FUT_Ticker": "CY", "FullName": "\u5357\u4e9e\u79d1\u6280\u80a1\u4efd\u6709\u9650\u516c\u53f8", "STC_Ticker": "2408", "ShortName": "\u5357\u4e9e\u79d1", "HasFut": "\u25cf", "HasOpt": NaN, "IsList": "\u25ce", "IsOTC": NaN, "IsETF": NaN, "Multiplier": 2000.0}, {"FUT_Ticker": "CZ", "FullName": "\u9577\u69ae\u6d77\u904b\u80a1\u4efd\u6709\u9650\u516c\u53f8", "STC_Ticker": "2603", "ShortName": "\u9577\u69ae", "HasFut": "\u25cf", "HasOpt": "\u25cf", "IsList": "\u25ce", "IsOTC": NaN, "IsETF": NaN, "Multiplier": 2000.0}, {"FUT_Ticker": "DC", "FullName": "\u5f70\u5316\u5546\u696d\u9280\u884c\u80a1\u4efd\u6709\u9650\u516c\u53f8", "STC_Ticker": "2801", "ShortName": "\u5f70\u9280", "HasFut": "\u25cf", "HasOpt": "\u25cf", "IsList": "\u25ce", "IsOTC": NaN, "IsETF": NaN, "Multiplier": 2000.0}, {"FUT_Ticker": "DD", "FullName": "\u65b0\u5149\u91d1\u878d\u63a7\u80a1\u80a1\u4efd\u6709\u9650\u516c\u53f8", "STC_Ticker": "2888", "ShortName": "\u65b0\u5149\u91d1", "HasFut": "\u25cf", "HasOpt": NaN, "IsList": "\u25ce", "IsOTC": NaN, "IsETF": NaN, "Multiplier": 2000.0}, {"FUT_Ticker": "DE", "FullName": "\u6c38\u8c50\u91d1\u878d\u63a7\u80a1\u80a1\u4efd\u6709\u9650\u516c\u53f8", "STC_Ticker": "2890", "ShortName": "\u6c38\u8c50\u91d1", "HasFut": "\u25cf", "HasOpt": "\u25cf", "IsList": "\u25ce", "IsOTC": NaN, "IsETF": NaN, "Multiplier": 2000.0}, {"FUT_Ticker": "DF", "FullName": "\u53f0\u7063\u6c34\u6ce5\u80a1\u4efd\u6709\u9650\u516c\u53f8", "STC_Ticker": "1101", "ShortName": "\u53f0\u6ce5", "HasFut": "\u25cf", "HasOpt": "\u25cf", "IsList": "\u25ce", "IsOTC": NaN, "IsETF": NaN, "Multiplier": 2000.0}, {"FUT_Ticker": "DG", "FullName": "\u53f0\u7063\u5316\u5b78\u7e96\u7dad\u80a1\u4efd\u6709\u9650\u516c\u53f8", "STC_Ticker": "1326", "ShortName": "\u53f0\u5316", "HasFut": "\u25cf", "HasOpt": "\u25cf", "IsList": "\u25ce", "IsOTC": NaN, "IsETF": NaN, "Multiplier": 2000.0}, {"FUT_Ticker": "DH", "FullName": "\u9d3b\u6d77\u7cbe\u5bc6\u5de5\u696d\u80a1\u4efd\u6709\u9650\u516c\u53f8", "STC_Ticker": "2317", "ShortName": "\u9d3b\u6d77", "HasFut": "\u25cf", "HasOpt": "\u25cf", "IsList": "\u25ce", "IsOTC": NaN, "IsETF": NaN, "Multiplier": 2000.0}, {"FUT_Ticker": "DI", "FullName": "\u65fa\u5b8f\u96fb\u5b50\u80a1\u4efd\u6709\u9650\u516c\u53f8", "STC_Ticker": "2337", "ShortName": "\u65fa\u5b8f", "HasFut": "\u25cf", "HasOpt": NaN, "IsList": "\u25ce", "IsOTC": NaN, "IsETF": NaN, "Multiplier": 2000.0}, {"FUT_Ticker": "DJ", "FullName": "\u83ef\u78a9\u96fb\u8166\u80a1\u4efd\u6709\u9650\u516c\u53f8", "STC_Ticker": "2357", "ShortName": "\u83ef\u78a9", "HasFut": "\u25cf", "HasOpt": "\u25cf", "IsList": "\u25ce", "IsOTC": NaN, "IsETF": NaN, "Multiplier": 2000.0}, {"FUT_Ticker": "DK", "FullName": "\u5ee3\u9054\u96fb\u8166\u80a1\u4efd\u6709\u9650\u516c\u53f8", "STC_Ticker": "2382", "ShortName": "\u5ee3\u9054", "HasFut": "\u25cf", "HasOpt": "\u25cf", "IsList": "\u25ce", "IsOTC": NaN, "IsETF": NaN, "Multiplier": 2000.0}, {"FUT_Ticker": "DL", "FullName": "\u4e2d\u83ef\u96fb\u4fe1\u80a1\u4efd\u6709\u9650\u516c\u53f8", "STC_Ticker": "2412", "ShortName": "\u4e2d\u83ef\u96fb", "HasFut": "\u25cf", "HasOpt": "\u25cf", "IsList": "\u25ce", "IsOTC": NaN, "IsETF": NaN, "Multiplier": 2000.0}, {"FUT_Ticker": "DN", "FullName": "\u7389\u5c71\u91d1\u878d\u63a7\u80a1\u80a1\u4efd\u6709\u9650\u516c\u53f8", "STC_Ticker": "2884", "ShortName": "\u7389\u5c71\u91d1", "HasFut": "\u25cf", "HasOpt": "\u25cf", "IsList": "\u25ce", "IsOTC": NaN, "IsETF": NaN, "Multiplier": 2000.0}, {"FUT_Ticker": "DO", "FullName": "\u5143\u5927\u91d1\u878d\u63a7\u80a1\u80a1\u4efd\u6709\u9650\u516c\u53f8", "STC_Ticker": "2885", "ShortName": "\u5143\u5927\u91d1", "HasFut": "\u25cf", "HasOpt": "\u25cf", "IsList": "\u25ce", "IsOTC": NaN, "IsETF": NaN, "Multiplier": 2000.0}, {"FUT_Ticker": "DP", "FullName": "\u7b2c\u4e00\u91d1\u878d\u63a7\u80a1\u80a1\u4efd\u6709\u9650\u516c\u53f8 ", "STC_Ticker": "2892", "ShortName": "\u7b2c\u4e00\u91d1", "HasFut": "\u25cf", "HasOpt": "\u25cf", "IsList": "\u25ce", "IsOTC": NaN, "IsETF": NaN, "Multiplier": 2000.0}, {"FUT_Ticker": "DQ", "FullName": "\u7fa4\u5275\u5149\u96fb\u80a1\u4efd\u6709\u9650\u516c\u53f8", "STC_Ticker": "3481", "ShortName": "\u7fa4\u5275", "HasFut": "\u25cf", "HasOpt": "\u25cf", "IsList": "\u25ce", "IsOTC": NaN, "IsETF": NaN, "Multiplier": 2000.0}, {"FUT_Ticker": "DS", "FullName": "\u5b8f\u7881\u80a1\u4efd\u6709\u9650\u516c\u53f8", "STC_Ticker": "2353", "ShortName": "\u5b8f\u7881", "HasFut": "\u25cf", "HasOpt": "\u25cf", "IsList": "\u25ce", "IsOTC": NaN, "IsETF": NaN, "Multiplier": 2000.0}, {"FUT_Ticker": "DV", "FullName": "\u806f\u767c\u79d1\u6280\u80a1\u4efd\u6709\u9650\u516c\u53f8", "STC_Ticker": "2454", "ShortName": "\u806f\u767c\u79d1", "HasFut": "\u25cf", "HasOpt": "\u25cf", "IsList": "\u25ce", "IsOTC": NaN, "IsETF": NaN, "Multiplier": 2000.0}, {"FUT_Ticker": "DW", "FullName": "\u6f64\u6cf0\u5168\u7403\u80a1\u4efd\u6709\u9650\u516c\u53f8", "STC_Ticker": "2915", "ShortName": "\u6f64\u6cf0\u5168", "HasFut": "\u25cf", "HasOpt": "\u25cf", "IsList": "\u25ce", "IsOTC": NaN, "IsETF": NaN, "Multiplier": 2000.0}, {"FUT_Ticker": "DX", "FullName": "\u7def\u5275\u8cc7\u901a\u80a1\u4efd\u6709\u9650\u516c\u53f8", "STC_Ticker": "3231", "ShortName": "\u7def\u5275", "HasFut": "\u25cf", "HasOpt": "\u25cf", "IsList": "\u25ce", "IsOTC": NaN, "IsETF": NaN, "Multiplier": 2000.0}, {"FUT_Ticker": "DY", "FullName": "\u4e9e\u6d32\u6c34\u6ce5\u80a1\u4efd\u6709\u9650\u516c\u53f8 ", "STC_Ticker": "1102", "ShortName": "\u4e9e\u6ce5", "HasFut": "\u25cf", "HasOpt": NaN, "IsList": "\u25ce", "IsOTC": NaN, "IsETF": NaN, "Multiplier": 2000.0}, {"FUT_Ticker": "DZ", "FullName": "\u5927\u6210\u9577\u57ce\u4f01\u696d\u80a1\u4efd\u6709\u9650\u516c\u53f8", "STC_Ticker": "1210", "ShortName": "\u5927\u6210", "HasFut": "\u25cf", "HasOpt": NaN, "IsList": "\u25ce", "IsOTC": NaN, "IsETF": NaN, "Multiplier": 2000.0}, {"FUT_Ticker": "EE", "FullName": "\u570b\u55ac\u77f3\u6cb9\u5316\u5b78\u80a1\u4efd\u6709\u9650\u516c\u53f8 ", "STC_Ticker": "1312", "ShortName": "\u570b\u55ac", "HasFut": "\u25cf", "HasOpt": NaN, "IsList": "\u25ce", "IsOTC": NaN, "IsETF": NaN, "Multiplier": 2000.0}, {"FUT_Ticker": "EG", "FullName": "\u4e2d\u570b\u77f3\u6cb9\u5316\u5b78\u5de5\u696d\u958b\u767c\u80a1\u4efd\u6709\u9650\u516c\u53f8", "STC_Ticker": "1314", "ShortName": "\u4e2d\u77f3\u5316", "HasFut": "\u25cf", "HasOpt": NaN, "IsList": "\u25ce", "IsOTC": NaN, "IsETF": NaN, "Multiplier": 2000.0}, {"FUT_Ticker": "EH", "FullName": "\u6771\u967d\u5be6\u696d\u5ee0\u80a1\u4efd\u6709\u9650\u516c\u53f8 ", "STC_Ticker": "1319", "ShortName": "\u6771\u967d", "HasFut": "\u25cf", "HasOpt": NaN, "IsList": "\u25ce", "IsOTC": NaN, "IsETF": NaN, "Multiplier": 2000.0}, {"FUT_Ticker": "EM", "FullName": "\u6771\u5143\u96fb\u6a5f\u80a1\u4efd\u6709\u9650\u516c\u53f8", "STC_Ticker": "1504", "ShortName": "\u6771\u5143", "HasFut": "\u25cf", "HasOpt": NaN, "IsList": "\u25ce", "IsOTC": NaN, "IsETF": NaN, "Multiplier": 2000.0}, {"FUT_Ticker": "EP", "FullName": "\u4e9e\u5fb7\u5ba2\u570b\u969b\u96c6\u5718", "STC_Ticker": "1590", "ShortName": "\u4e9e\u5fb7\u5ba2-KY", "HasFut": "\u25cf", "HasOpt": NaN, "IsList": "\u25ce", "IsOTC": NaN, "IsETF": NaN, "Multiplier": 2000.0}, {"FUT_Ticker": "ER", "FullName": "\u5357\u50d1\u6295\u8cc7\u63a7\u80a1\u80a1\u4efd\u6709\u9650\u516c\u53f8", "STC_Ticker": "1702", "ShortName": "\u5357\u50d1", "HasFut": "\u25cf", "HasOpt": NaN, "IsList": "\u25ce", "IsOTC": NaN, "IsETF": NaN, "Multiplier": 2000.0}, {"FUT_Ticker": "EY", "FullName": "\u4e2d\u570b\u4eba\u9020\u7e96\u7dad\u80a1\u4efd\u6709\u9650\u516c\u53f8", "STC_Ticker": "1718", "ShortName": "\u4e2d\u7e96", "HasFut": "\u25cf", "HasOpt": NaN, "IsList": "\u25ce", "IsOTC": NaN, "IsETF": NaN, "Multiplier": 2000.0}, {"FUT_Ticker": "EZ", "FullName": "\u53f0\u7063\u80a5\u6599\u80a1\u4efd\u6709\u9650\u516c\u53f8", "STC_Ticker": "1722", "ShortName": "\u53f0\u80a5", "HasFut": "\u25cf", "HasOpt": NaN, "IsList": "\u25ce", "IsOTC": NaN, "IsETF": NaN, "Multiplier": 2000.0}, {"FUT_Ticker": "FE", "FullName": "\u5927\u6210\u4e0d\u92b9\u92fc\u5de5\u696d\u80a1\u4efd\u6709\u9650\u516c\u53f8", "STC_Ticker": "2027", "ShortName": "\u5927\u6210\u92fc", "HasFut": "\u25cf", "HasOpt": NaN, "IsList": "\u25ce", "IsOTC": NaN, "IsETF": NaN, "Multiplier": 2000.0}, {"FUT_Ticker": "FF", "FullName": "\u4e0a\u9280\u79d1\u6280\u80a1\u4efd\u6709\u9650\u516c\u53f8", "STC_Ticker": "2049", "ShortName": "\u4e0a\u9280", "HasFut": "\u25cf", "HasOpt": NaN, "IsList": "\u25ce", "IsOTC": NaN, "IsETF": NaN, "Multiplier": 2000.0}, {"FUT_Ticker": "FG", "FullName": "\u5ddd\u6e56\u79d1\u6280\u80a1\u4efd\u6709\u9650\u516c\u53f8", "STC_Ticker": "2059", "ShortName": "\u5ddd\u6e56", "HasFut": "\u25cf", "HasOpt": NaN, "IsList": "\u25ce", "IsOTC": NaN, "IsETF": NaN, "Multiplier": 2000.0}, {"FUT_Ticker": "FK", "FullName": "\u6b63\u65b0\u6a61\u81a0\u5de5\u696d\u80a1\u4efd\u6709\u9650\u516c\u53f8", "STC_Ticker": "2105", "ShortName": "\u6b63\u65b0", "HasFut": "\u25cf", "HasOpt": NaN, "IsList": "\u25ce", "IsOTC": NaN, "IsETF": NaN, "Multiplier": 2000.0}, {"FUT_Ticker": "FN", "FullName": "\u88d5\u9686\u6c7d\u8eca\u88fd\u9020\u80a1\u4efd\u6709\u9650\u516c\u53f8", "STC_Ticker": "2201", "ShortName": "\u88d5\u9686", "HasFut": "\u25cf", "HasOpt": NaN, "IsList": "\u25ce", "IsOTC": NaN, "IsETF": NaN, "Multiplier": 2000.0}, {"FUT_Ticker": "FQ", "FullName": "\u5149\u5bf6\u79d1\u6280\u80a1\u4efd\u6709\u9650\u516c\u53f8", "STC_Ticker": "2301", "ShortName": "\u5149\u5bf6\u79d1", "HasFut": "\u25cf", "HasOpt": NaN, "IsList": "\u25ce", "IsOTC": NaN, "IsETF": NaN, "Multiplier": 2000.0}, {"FUT_Ticker": "FR", "FullName": "\u53f0\u9054\u96fb\u5b50\u5de5\u696d\u80a1\u4efd\u6709\u9650\u516c\u53f8", "STC_Ticker": "2308", "ShortName": "\u53f0\u9054\u96fb", "HasFut": "\u25cf", "HasOpt": NaN, "IsList": "\u25ce", "IsOTC": NaN, "IsETF": NaN, "Multiplier": 2000.0}, {"FUT_Ticker": "FT", "FullName": "\u83ef\u901a\u96fb\u8166\u80a1\u4efd\u6709\u9650\u516c\u53f8", "STC_Ticker": "2313", "ShortName": "\u83ef\u901a", "HasFut": "\u25cf", "HasOpt": NaN, "IsList": "\u25ce", "IsOTC": NaN, "IsETF": NaN, "Multiplier": 2000.0}, {"FUT_Ticker": "FV", "FullName": "\u7cbe\u82f1\u96fb\u8166\u80a1\u4efd\u6709\u9650\u516c\u53f8", "STC_Ticker": "2331", "ShortName": "\u7cbe\u82f1", "HasFut": "\u25cf", "HasOpt": NaN, "IsList": "\u25ce", "IsOTC": NaN, "IsETF": NaN, "Multiplier": 2000.0}, {"FUT_Ticker": "FW", "FullName": "\u53cb\u8a0a\u79d1\u6280\u80a1\u4efd\u6709\u9650\u516c\u53f8", "STC_Ticker": "2332", "ShortName": "\u53cb\u8a0a", "HasFut": "\u25cf", "HasOpt": NaN, "IsList": "\u25ce", "IsOTC": NaN, "IsETF": NaN, "Multiplier": 2000.0}, {"FUT_Ticker": "FY", "FullName": "\u5149\u78ca\u79d1\u6280\u80a1\u4efd\u6709\u9650\u516c\u53f8", "STC_Ticker": "2340", "ShortName": "\u5149\u78ca", "HasFut": "\u25cf", "HasOpt": NaN, "IsList": "\u25ce", "IsOTC": NaN, "IsETF": NaN, "Multiplier": 2000.0}, {"FUT_Ticker": "FZ", "FullName": "\u83ef\u90a6\u96fb\u5b50\u80a1\u4efd\u6709\u9650\u516c\u53f8", "STC_Ticker": "2344", "ShortName": "\u83ef\u90a6\u96fb", "HasFut": "\u25cf", "HasOpt": NaN, "IsList": "\u25ce", "IsOTC": NaN, "IsETF": NaN, "Multiplier": 2000.0}, {"FUT_Ticker": "GA", "FullName": "\u806f\u5f37\u570b\u969b\u80a1\u4efd\u6709\u9650\u516c\u53f8", "STC_Ticker": "2347", "ShortName": "\u806f\u5f37", "HasFut": "\u25cf", "HasOpt": NaN, "IsList": "\u25ce", "IsOTC": NaN, "IsETF": NaN, "Multiplier": 2000.0}, {"FUT_Ticker": "GC", "FullName": "\u9d3b\u6e96\u7cbe\u5bc6\u5de5\u696d\u80a1\u4efd\u6709\u9650\u516c\u53f8", "STC_Ticker": "2354", "ShortName": "\u9d3b\u6e96", "HasFut": "\u25cf", "HasOpt": NaN, "IsList": "\u25ce", "IsOTC": NaN, "IsETF": NaN, "Multiplier": 2000.0}, {"FUT_Ticker": "GH", "FullName": "\u6280\u5609\u79d1\u6280\u80a1\u4efd\u6709\u9650\u516c\u53f8", "STC_Ticker": "2376", "ShortName": "\u6280\u5609", "HasFut": "\u25cf", "HasOpt": NaN, "IsList": "\u25ce", "IsOTC": NaN, "IsETF": NaN, "Multiplier": 2000.0}, {"FUT_Ticker": "GI", "FullName": "\u5fae\u661f\u79d1\u6280\u80a1\u4efd\u6709\u9650\u516c\u53f8", "STC_Ticker": "2377", "ShortName": "\u5fae\u661f", "HasFut": "\u25cf", "HasOpt": "\u25cf", "IsList": "\u25ce", "IsOTC": NaN, "IsETF": NaN, "Multiplier": 2000.0}, {"FUT_Ticker": "GJ", "FullName": "\u745e\u6631\u534a\u5c0e\u9ad4\u80a1\u4efd\u6709\u9650\u516c\u53f8", "STC_Ticker": "2379", "ShortName": "\u745e\u6631", "HasFut": "\u25cf", "HasOpt": NaN, "IsList": "\u25ce", "IsOTC": NaN, "IsETF": NaN, "Multiplier": 2000.0}, {"FUT_Ticker": "GL", "FullName": "\u6b63\u5d34\u7cbe\u5bc6\u5de5\u696d\u80a1\u4efd\u6709\u9650\u516c\u53f8", "STC_Ticker": "2392", "ShortName": "\u6b63\u5d34", "HasFut": "\u25cf", "HasOpt": NaN, "IsList": "\u25ce", "IsOTC": NaN, "IsETF": NaN, "Multiplier": 2000.0}, {"FUT_Ticker": "GM", "FullName": "\u5104\u5149\u96fb\u5b50\u5de5\u696d\u80a1\u4efd\u6709\u9650\u516c\u53f8", "STC_Ticker": "2393", "ShortName": "\u5104\u5149", "HasFut": "\u25cf", "HasOpt": NaN, "IsList": "\u25ce", "IsOTC": NaN, "IsETF": NaN, "Multiplier": 2000.0}, {"FUT_Ticker": "GN", "FullName": "\u51cc\u967d\u79d1\u6280\u80a1\u4efd\u6709\u9650\u516c\u53f8", "STC_Ticker": "2401", "ShortName": "\u51cc\u967d", "HasFut": "\u25cf", "HasOpt": NaN, "IsList": "\u25ce", "IsOTC": NaN, "IsETF": NaN, "Multiplier": 2000.0}, {"FUT_Ticker": "GO", "FullName": "\u6f22\u5510\u96c6\u6210\u80a1\u4efd\u6709\u9650\u516c\u53f8", "STC_Ticker": "2404", "ShortName": "\u6f22\u5510", "HasFut": "\u25cf", "HasOpt": NaN, "IsList": "\u25ce", "IsOTC": NaN, "IsETF": NaN, "Multiplier": 2000.0}, {"FUT_Ticker": "GR", "FullName": "\u4eac\u5143\u96fb\u5b50\u80a1\u4efd\u6709\u9650\u516c\u53f8", "STC_Ticker": "2449", "ShortName": "\u4eac\u5143\u96fb\u5b50", "HasFut": "\u25cf", "HasOpt": NaN, "IsList": "\u25ce", "IsOTC": NaN, "IsETF": NaN, "Multiplier": 2000.0}, {"FUT_Ticker": "GU", "FullName": "\u5168\u65b0\u5149\u96fb\u79d1\u6280\u80a1\u4efd\u6709\u9650\u516c\u53f8", "STC_Ticker": "2455", "ShortName": "\u5168\u65b0", "HasFut": "\u25cf", "HasOpt": NaN, "IsList": "\u25ce", "IsOTC": NaN, "IsETF": NaN, "Multiplier": 2000.0}, {"FUT_Ticker": "GW", "FullName": "\u7fa9\u9686\u96fb\u5b50\u80a1\u4efd\u6709\u9650\u516c\u53f8", "STC_Ticker": "2458", "ShortName": "\u7fa9\u9686", "HasFut": "\u25cf", "HasOpt": NaN, "IsList": "\u25ce", "IsOTC": NaN, "IsETF": NaN, "Multiplier": 2000.0}, {"FUT_Ticker": "GX", "FullName": "\u53ef\u6210\u79d1\u6280\u80a1\u4efd\u6709\u9650\u516c\u53f8", "STC_Ticker": "2474", "ShortName": "\u53ef\u6210", "HasFut": "\u25cf", "HasOpt": "\u25cf", "IsList": "\u25ce", "IsOTC": NaN, "IsETF": NaN, "Multiplier": 2000.0}, {"FUT_Ticker": "GZ", "FullName": "\u5146\u8d6b\u96fb\u5b50\u80a1\u4efd\u6709\u9650\u516c\u53f8", "STC_Ticker": "2485", "ShortName": "\u5146\u8d6b", "HasFut": "\u25cf", "HasOpt": NaN, "IsList": "\u25ce", "IsOTC": NaN, "IsETF": NaN, "Multiplier": 2000.0}, {"FUT_Ticker": "HA", "FullName": "\u745e\u8ed2\u79d1\u6280\u80a1\u4efd\u6709\u9650\u516c\u53f8", "STC_Ticker": "2489", "ShortName": "\u745e\u8ed2", "HasFut": "\u25cf", "HasOpt": NaN, "IsList": "\u25ce", "IsOTC": NaN, "IsETF": NaN, "Multiplier": 2000.0}, {"FUT_Ticker": "HB", "FullName": "\u83ef\u65b0\u79d1\u6280\u80a1\u4efd\u6709\u9650\u516c\u53f8 ", "STC_Ticker": "2492", "ShortName": "\u83ef\u65b0\u79d1", "HasFut": "\u25cf", "HasOpt": NaN, "IsList": "\u25ce", "IsOTC": NaN, "IsETF": NaN, "Multiplier": 2000.0}, {"FUT_Ticker": "HC", "FullName": "\u5b8f\u9054\u570b\u969b\u96fb\u5b50\u80a1\u4efd\u6709\u9650\u516c\u53f8", "STC_Ticker": "2498", "ShortName": "\u5b8f\u9054\u96fb", "HasFut": "\u25cf", "HasOpt": "\u25cf", "IsList": "\u25ce", "IsOTC": NaN, "IsETF": NaN, "Multiplier": 2000.0}, {"FUT_Ticker": "HH", "FullName": "\u4e2d\u83ef\u5de5\u7a0b\u80a1\u4efd\u6709\u9650\u516c\u53f8", "STC_Ticker": "2515", "ShortName": "\u4e2d\u5de5", "HasFut": "\u25cf", "HasOpt": NaN, "IsList": "\u25ce", "IsOTC": NaN, "IsETF": NaN, "Multiplier": 2000.0}, {"FUT_Ticker": "HI", "FullName": "\u51a0\u5fb7\u5efa\u8a2d\u80a1\u4efd\u6709\u9650\u516c\u53f8", "STC_Ticker": "2520", "ShortName": "\u51a0\u5fb7", "HasFut": "\u25cf", "HasOpt": NaN, "IsList": "\u25ce", "IsOTC": NaN, "IsETF": NaN, "Multiplier": 2000.0}, {"FUT_Ticker": "HL", "FullName": "\u8208\u5bcc\u767c\u5efa\u8a2d\u80a1\u4efd\u6709\u9650\u516c\u53f8", "STC_Ticker": "2542", "ShortName": "\u8208\u5bcc\u767c", "HasFut": "\u25cf", "HasOpt": NaN, "IsList": "\u25ce", "IsOTC": NaN, "IsETF": NaN, "Multiplier": 2000.0}, {"FUT_Ticker": "HO", "FullName": "\u83ef\u56fa\u5efa\u8a2d\u80a1\u4efd\u6709\u9650\u516c\u53f8", "STC_Ticker": "2548", "ShortName": "\u83ef\u56fa", "HasFut": "\u25cf", "HasOpt": NaN, "IsList": "\u25ce", "IsOTC": NaN, "IsETF": NaN, "Multiplier": 2000.0}, {"FUT_Ticker": "HS", "FullName": "\u9577\u69ae\u822a\u7a7a\u80a1\u4efd\u6709\u9650\u516c\u53f8", "STC_Ticker": "2618", "ShortName": "\u9577\u69ae\u822a", "HasFut": "\u25cf", "HasOpt": NaN, "IsList": "\u25ce", "IsOTC": NaN, "IsETF": NaN, "Multiplier": 2000.0}, {"FUT_Ticker": "HY", "FullName": "\u4e2d\u570b\u4eba\u58fd\u4fdd\u96aa\u80a1\u4efd\u6709\u9650\u516c\u53f8", "STC_Ticker": "2823", "ShortName": "\u4e2d\u58fd", "HasFut": "\u25cf", "HasOpt": NaN, "IsList": "\u25ce", "IsOTC": NaN, "IsETF": NaN, "Multiplier": 2000.0}, {"FUT_Ticker": "IA", "FullName": "\u81fa\u7063\u4e2d\u5c0f\u4f01\u696d\u9280\u884c\u80a1\u4efd\u6709\u9650\u516c\u53f8", "STC_Ticker": "2834", "ShortName": "\u81fa\u4f01\u9280", "HasFut": "\u25cf", "HasOpt": NaN, "IsList": "\u25ce", "IsOTC": NaN, "IsETF": NaN, "Multiplier": 2000.0}, {"FUT_Ticker": "IH", "FullName": "\u53f0\u7063\u8fb2\u6797\u80a1\u4efd\u6709\u9650\u516c\u53f8", "STC_Ticker": "2913", "ShortName": "\u8fb2\u6797", "HasFut": "\u25cf", "HasOpt": NaN, "IsList": "\u25ce", "IsOTC": NaN, "IsETF": NaN, "Multiplier": 2000.0}, {"FUT_Ticker": "II", "FullName": "\u6676\u8c6a\u79d1\u6280\u80a1\u4efd\u6709\u9650\u516c\u53f8", "STC_Ticker": "3006", "ShortName": "\u6676\u8c6a\u79d1", "HasFut": "\u25cf", "HasOpt": NaN, "IsList": "\u25ce", "IsOTC": NaN, "IsETF": NaN, "Multiplier": 2000.0}, {"FUT_Ticker": "IJ", "FullName": "\u5927\u7acb\u5149\u96fb\u80a1\u4efd\u6709\u9650\u516c\u53f8", "STC_Ticker": "3008", "ShortName": "\u5927\u7acb\u5149", "HasFut": "\u25cf", "HasOpt": "\u25cf", "IsList": "\u25ce", "IsOTC": NaN, "IsETF": NaN, "Multiplier": 2000.0}, {"FUT_Ticker": "IM", "FullName": "\u4e9e\u6d32\u5149\u5b78\u80a1\u4efd\u6709\u9650\u516c\u53f8", "STC_Ticker": "3019", "ShortName": "\u4e9e\u5149", "HasFut": "\u25cf", "HasOpt": NaN, "IsList": "\u25ce", "IsOTC": NaN, "IsETF": NaN, "Multiplier": 2000.0}, {"FUT_Ticker": "IO", "FullName": "\u806f\u8a60\u79d1\u6280\u80a1\u4efd\u6709\u9650\u516c\u53f8", "STC_Ticker": "3034", "ShortName": "\u806f\u8a60", "HasFut": "\u25cf", "HasOpt": NaN, "IsList": "\u25ce", "IsOTC": NaN, "IsETF": NaN, "Multiplier": 2000.0}, {"FUT_Ticker": "IP", "FullName": "\u667a\u539f\u79d1\u6280\u80a1\u4efd\u6709\u9650\u516c\u53f8", "STC_Ticker": "3035", "ShortName": "\u667a\u539f", "HasFut": "\u25cf", "HasOpt": NaN, "IsList": "\u25ce", "IsOTC": NaN, "IsETF": NaN, "Multiplier": 2000.0}, {"FUT_Ticker": "IQ", "FullName": "\u6587\u66c4\u79d1\u6280\u80a1\u4efd\u6709\u9650\u516c\u53f8", "STC_Ticker": "3036", "ShortName": "\u6587\u66c4", "HasFut": "\u25cf", "HasOpt": NaN, "IsList": "\u25ce", "IsOTC": NaN, "IsETF": NaN, "Multiplier": 2000.0}, {"FUT_Ticker": "IR", "FullName": "\u6b23\u8208\u96fb\u5b50\u80a1\u4efd\u6709\u9650\u516c\u53f8", "STC_Ticker": "3037", "ShortName": "\u6b23\u8208", "HasFut": "\u25cf", "HasOpt": NaN, "IsList": "\u25ce", "IsOTC": NaN, "IsETF": NaN, "Multiplier": 2000.0}, {"FUT_Ticker": "IT", "FullName": "\u53f0\u7063\u6676\u6280\u80a1\u4efd\u6709\u9650\u516c\u53f8", "STC_Ticker": "3042", "ShortName": "\u6676\u6280", "HasFut": "\u25cf", "HasOpt": NaN, "IsList": "\u25ce", "IsOTC": NaN, "IsETF": NaN, "Multiplier": 2000.0}, {"FUT_Ticker": "IX", "FullName": "\u666f\u78a9\u79d1\u6280\u80a1\u4efd\u6709\u9650\u516c\u53f8", "STC_Ticker": "3189", "ShortName": "\u666f\u78a9", "HasFut": "\u25cf", "HasOpt": NaN, "IsList": "\u25ce", "IsOTC": NaN, "IsETF": NaN, "Multiplier": 2000.0}, {"FUT_Ticker": "IY", "FullName": "\u65b0\u65e5\u8208\u80a1\u4efd\u6709\u9650\u516c\u53f8", "STC_Ticker": "3376", "ShortName": "\u65b0\u65e5\u8208", "HasFut": "\u25cf", "HasOpt": NaN, "IsList": "\u25ce", "IsOTC": NaN, "IsETF": NaN, "Multiplier": 2000.0}, {"FUT_Ticker": "IZ", "FullName": "\u660e\u6cf0\u79d1\u6280\u80a1\u4efd\u6709\u9650\u516c\u53f8", "STC_Ticker": "3380", "ShortName": "\u660e\u6cf0", "HasFut": "\u25cf", "HasOpt": NaN, "IsList": "\u25ce", "IsOTC": NaN, "IsETF": NaN, "Multiplier": 2000.0}, {"FUT_Ticker": "JB", "FullName": "\u5275\u610f\u96fb\u5b50\u80a1\u4efd\u6709\u9650\u516c\u53f8", "STC_Ticker": "3443", "ShortName": "\u5275\u610f", "HasFut": "\u25cf", "HasOpt": NaN, "IsList": "\u25ce", "IsOTC": NaN, "IsETF": NaN, "Multiplier": 2000.0}, {"FUT_Ticker": "JF", "FullName": "\u5609\u6fa4\u7aef\u5b50\u5de5\u696d\u80a1\u4efd\u6709\u9650\u516c\u53f8", "STC_Ticker": "3533", "ShortName": "\u5609\u6fa4", "HasFut": "\u25cf", "HasOpt": NaN, "IsList": "\u25ce", "IsOTC": NaN, "IsETF": NaN, "Multiplier": 2000.0}, {"FUT_Ticker": "JM", "FullName": "\u5065\u7b56\u7cbe\u5bc6\u5de5\u696d\u80a1\u4efd\u6709\u9650\u516c\u53f8", "STC_Ticker": "3653", "ShortName": "\u5065\u7b56", "HasFut": "\u25cf", "HasOpt": NaN, "IsList": "\u25ce", "IsOTC": NaN, "IsETF": NaN, "Multiplier": 2000.0}, {"FUT_Ticker": "JN", "FullName": "TPK Holding Co., Ltd.", "STC_Ticker": "3673", "ShortName": "TPK-KY", "HasFut": "\u25cf", "HasOpt": NaN, "IsList": "\u25ce", "IsOTC": NaN, "IsETF": NaN, "Multiplier": 2000.0}, {"FUT_Ticker": "JP", "FullName": "\u5927\u806f\u5927\u6295\u8cc7\u63a7\u80a1\u80a1\u4efd\u6709\u9650\u516c\u53f8", "STC_Ticker": "3702", "ShortName": "\u5927\u806f\u5927", "HasFut": "\u25cf", "HasOpt": NaN, "IsList": "\u25ce", "IsOTC": NaN, "IsETF": NaN, "Multiplier": 2000.0}, {"FUT_Ticker": "JS", "FullName": "\u548c\u78a9\u806f\u5408\u79d1\u6280\u80a1\u4efd\u6709\u9650\u516c\u53f8", "STC_Ticker": "4938", "ShortName": "\u548c\u78a9", "HasFut": "\u25cf", "HasOpt": NaN, "IsList": "\u25ce", "IsOTC": NaN, "IsETF": NaN, "Multiplier": 2000.0}, {"FUT_Ticker": "JW", "FullName": "\u9577\u8679\u5efa\u8a2d\u80a1\u4efd\u6709\u9650\u516c\u53f8", "STC_Ticker": "5534", "ShortName": "\u9577\u8679", "HasFut": "\u25cf", "HasOpt": NaN, "IsList": "\u25ce", "IsOTC": NaN, "IsETF": NaN, "Multiplier": 2000.0}, {"FUT_Ticker": "JZ", "FullName": "\u5609\u806f\u76ca\u79d1\u6280\u80a1\u4efd\u6709\u9650\u516c\u53f8", "STC_Ticker": "6153", "ShortName": "\u5609\u806f\u76ca", "HasFut": "\u25cf", "HasOpt": NaN, "IsList": "\u25ce", "IsOTC": NaN, "IsETF": NaN, "Multiplier": 2000.0}, {"FUT_Ticker": "KA", "FullName": "\u745e\u5100\u5149\u96fb\u80a1\u4efd\u6709\u9650\u516c\u53f8", "STC_Ticker": "6176", "ShortName": "\u745e\u5100", "HasFut": "\u25cf", "HasOpt": NaN, "IsList": "\u25ce", "IsOTC": NaN, "IsETF": NaN, "Multiplier": 2000.0}, {"FUT_Ticker": "KB", "FullName": "\u806f\u8302\u96fb\u5b50\u80a1\u4efd\u6709\u9650\u516c\u53f8", "STC_Ticker": "6213", "ShortName": "\u806f\u8302", "HasFut": "\u25cf", "HasOpt": NaN, "IsList": "\u25ce", "IsOTC": NaN, "IsETF": NaN, "Multiplier": 2000.0}, {"FUT_Ticker": "KC", "FullName": "\u529b\u6210\u79d1\u6280\u80a1\u4efd\u6709\u9650\u516c\u53f8", "STC_Ticker": "6239", "ShortName": "\u529b\u6210", "HasFut": "\u25cf", "HasOpt": NaN, "IsList": "\u25ce", "IsOTC": NaN, "IsETF": NaN, "Multiplier": 2000.0}, {"FUT_Ticker": "KD", "FullName": "\u540c\u6b23\u96fb\u5b50\u5de5\u696d\u80a1\u4efd\u6709\u9650\u516c\u53f8", "STC_Ticker": "6271", "ShortName": "\u540c\u6b23\u96fb", "HasFut": "\u25cf", "HasOpt": NaN, "IsList": "\u25ce", "IsOTC": NaN, "IsETF": NaN, "Multiplier": 2000.0}, {"FUT_Ticker": "KE", "FullName": "\u53f0\u7063\u8868\u9762\u9ecf\u8457\u79d1\u6280\u80a1\u4efd\u6709\u9650\u516c\u53f8", "STC_Ticker": "6278", "ShortName": "\u53f0\u8868\u79d1", "HasFut": "\u25cf", "HasOpt": NaN, "IsList": "\u25ce", "IsOTC": NaN, "IsETF": NaN, "Multiplier": 2000.0}, {"FUT_Ticker": "KF", "FullName": "\u5eb7\u8212\u79d1\u6280\u80a1\u4efd\u6709\u9650\u516c\u53f8", "STC_Ticker": "6282", "ShortName": "\u5eb7\u8212", "HasFut": "\u25cf", "HasOpt": NaN, "IsList": "\u25ce", "IsOTC": NaN, "IsETF": NaN, "Multiplier": 2000.0}, {"FUT_Ticker": "KG", "FullName": "\u555f\u7881\u79d1\u6280\u80a1\u4efd\u6709\u9650\u516c\u53f8", "STC_Ticker": "6285", "ShortName": "\u555f\u7881", "HasFut": "\u25cf", "HasOpt": NaN, "IsList": "\u25ce", "IsOTC": NaN, "IsETF": NaN, "Multiplier": 2000.0}, {"FUT_Ticker": "KI", "FullName": "\u53f0\u8679\u79d1\u6280\u80a1\u4efd\u6709\u9650\u516c\u53f8", "STC_Ticker": "8039", "ShortName": "\u53f0\u8679", "HasFut": "\u25cf", "HasOpt": NaN, "IsList": "\u25ce", "IsOTC": NaN, "IsETF": NaN, "Multiplier": 2000.0}, {"FUT_Ticker": "KK", "FullName": "\u9054\u65b9\u96fb\u5b50\u80a1\u4efd\u6709\u9650\u516c\u53f8", "STC_Ticker": "8163", "ShortName": "\u9054\u65b9", "HasFut": "\u25cf", "HasOpt": NaN, "IsList": "\u25ce", "IsOTC": NaN, "IsETF": NaN, "Multiplier": 2000.0}, {"FUT_Ticker": "KL", "FullName": "\u5bf6\u6210\u5de5\u696d\u80a1\u4efd\u6709\u9650\u516c\u53f8", "STC_Ticker": "9904", "ShortName": "\u5bf6\u6210", "HasFut": "\u25cf", "HasOpt": NaN, "IsList": "\u25ce", "IsOTC": NaN, "IsETF": NaN, "Multiplier": 2000.0}, {"FUT_Ticker": "KO", "FullName": "\u5b8f\u5168\u570b\u969b\u80a1\u4efd\u6709\u9650\u516c\u53f8", "STC_Ticker": "9939", "ShortName": "\u5b8f\u5168", "HasFut": "\u25cf", "HasOpt": NaN, "IsList": "\u25ce", "IsOTC": NaN, "IsETF": NaN, "Multiplier": 2000.0}, {"FUT_Ticker": "KP", "FullName": "\u6f64\u6cf0\u5275\u65b0\u570b\u969b\u80a1\u4efd\u6709\u9650\u516c\u53f8", "STC_Ticker": "9945", "ShortName": "\u6f64\u6cf0\u65b0", "HasFut": "\u25cf", "HasOpt": NaN, "IsList": "\u25ce", "IsOTC": NaN, "IsETF": NaN, "Multiplier": 2000.0}, {"FUT_Ticker": "KS", "FullName": "\u805a\u967d\u5be6\u696d\u80a1\u4efd\u6709\u9650\u516c\u53f8", "STC_Ticker": "1477", "ShortName": "\u805a\u967d", "HasFut": "\u25cf", "HasOpt": NaN, "IsList": "\u25ce", "IsOTC": NaN, "IsETF": NaN, "Multiplier": 2000.0}, {"FUT_Ticker": "KW", "FullName": "\u5ee3\u5b87\u79d1\u6280\u80a1\u4efd\u6709\u9650\u516c\u53f8", "STC_Ticker": "2328", "ShortName": "\u5ee3\u5b87", "HasFut": "\u25cf", "HasOpt": NaN, "IsList": "\u25ce", "IsOTC": NaN, "IsETF": NaN, "Multiplier": 2000.0}, {"FUT_Ticker": "LB", "FullName": "\u5065\u9f0e\u79d1\u6280\u80a1\u4efd\u6709\u9650\u516c\u53f8", "STC_Ticker": "3044", "ShortName": "\u5065\u9f0e", "HasFut": "\u25cf", "HasOpt": NaN, "IsList": "\u25ce", "IsOTC": NaN, "IsETF": NaN, "Multiplier": 2000.0}, {"FUT_Ticker": "LC", "FullName": "\u53f0\u7063\u5927\u54e5\u5927\u80a1\u4efd\u6709\u9650\u516c\u53f8", "STC_Ticker": "3045", "ShortName": "\u53f0\u7063\u5927", "HasFut": "\u25cf", "HasOpt": NaN, "IsList": "\u25ce", "IsOTC": NaN, "IsETF": NaN, "Multiplier": 2000.0}, {"FUT_Ticker": "LE", "FullName": "\u7389\u6676\u5149\u96fb\u80a1\u4efd\u6709\u9650\u516c\u53f8", "STC_Ticker": "3406", "ShortName": "\u7389\u6676\u5149", "HasFut": "\u25cf", "HasOpt": NaN, "IsList": "\u25ce", "IsOTC": NaN, "IsETF": NaN, "Multiplier": 2000.0}, {"FUT_Ticker": "LI", "FullName": "\u53f0\u90e1\u79d1\u6280\u80a1\u4efd\u6709\u9650\u516c\u53f8", "STC_Ticker": "6269", "ShortName": "\u53f0\u90e1", "HasFut": "\u25cf", "HasOpt": NaN, "IsList": "\u25ce", "IsOTC": NaN, "IsETF": NaN, "Multiplier": 2000.0}, {"FUT_Ticker": "LM", "FullName": "\u7f8e\u5229\u9054\u5de5\u696d\u80a1\u4efd\u6709\u9650\u516c\u53f8", "STC_Ticker": "9914", "ShortName": "\u7f8e\u5229\u9054", "HasFut": "\u25cf", "HasOpt": NaN, "IsList": "\u25ce", "IsOTC": NaN, "IsETF": NaN, "Multiplier": 2000.0}, {"FUT_Ticker": "LO", "FullName": "\u5408\u4f5c\u91d1\u5eab\u91d1\u878d\u63a7\u80a1\u80a1\u4efd\u6709\u9650\u516c\u53f8", "STC_Ticker": "5880", "ShortName": "\u5408\u5eab\u91d1", "HasFut": "\u25cf", "HasOpt": "\u25cf", "IsList": "\u25ce", "IsOTC": NaN, "IsETF": NaN, "Multiplier": 2000.0}, {"FUT_Ticker": "LQ", "FullName": "\u82f1\u696d\u9054\u80a1\u4efd\u6709\u9650\u516c\u53f8", "STC_Ticker": "2356", "ShortName": "\u82f1\u696d\u9054", "HasFut": "\u25cf", "HasOpt": NaN, "IsList": "\u25ce", "IsOTC": NaN, "IsETF": NaN, "Multiplier": 2000.0}, {"FUT_Ticker": "LR", "FullName": "\u4e2d\u83ef\u958b\u767c\u91d1\u878d\u63a7\u80a1\u80a1\u4efd\u6709\u9650\u516c\u53f8", "STC_Ticker": "2883", "ShortName": "\u958b\u767c\u91d1", "HasFut": "\u25cf", "HasOpt": NaN, "IsList": "\u25ce", "IsOTC": NaN, "IsETF": NaN, "Multiplier": 2000.0}, {"FUT_Ticker": "LT", "FullName": "\u9060\u50b3\u96fb\u4fe1\u80a1\u4efd\u6709\u9650\u516c\u53f8", "STC_Ticker": "4904", "ShortName": "\u9060\u50b3", "HasFut": "\u25cf", "HasOpt": NaN, "IsList": "\u25ce", "IsOTC": NaN, "IsETF": NaN, "Multiplier": 2000.0}, {"FUT_Ticker": "LU", "FullName": "\u81fb\u9f0e\u79d1\u6280\u63a7\u80a1\u80a1\u4efd\u6709\u9650\u516c\u53f8", "STC_Ticker": "4958", "ShortName": "\u81fb\u9f0e-KY", "HasFut": "\u25cf", "HasOpt": NaN, "IsList": "\u25ce", "IsOTC": NaN, "IsETF": NaN, "Multiplier": 2000.0}, {"FUT_Ticker": "LV", "FullName": "\u4e2d\u79df\u63a7\u80a1\u80a1\u4efd\u6709\u9650\u516c\u53f8", "STC_Ticker": "5871", "ShortName": "\u4e2d\u79df-KY", "HasFut": "\u25cf", "HasOpt": NaN, "IsList": "\u25ce", "IsOTC": NaN, "IsETF": NaN, "Multiplier": 2000.0}, {"FUT_Ticker": "LW", "FullName": "\u5112\u9d3b\u4f01\u696d\u80a1\u4efd\u6709\u9650\u516c\u53f8", "STC_Ticker": "1476", "ShortName": "\u5112\u9d3b", "HasFut": "\u25cf", "HasOpt": NaN, "IsList": "\u25ce", "IsOTC": NaN, "IsETF": NaN, "Multiplier": 2000.0}, {"FUT_Ticker": "LX", "FullName": "\u570b\u5de8\u80a1\u4efd\u6709\u9650\u516c\u53f8", "STC_Ticker": "2327", "ShortName": "\u570b\u5de8", "HasFut": "\u25cf", "HasOpt": NaN, "IsList": "\u25ce", "IsOTC": NaN, "IsETF": NaN, "Multiplier": 2000.0}, {"FUT_Ticker": "LY", "FullName": "\u5357\u4e9e\u96fb\u8def\u677f\u80a1\u4efd\u6709\u9650\u516c\u53f8", "STC_Ticker": "8046", "ShortName": "\u5357\u96fb", "HasFut": "\u25cf", "HasOpt": NaN, "IsList": "\u25ce", "IsOTC": NaN, "IsETF": NaN, "Multiplier": 2000.0}, {"FUT_Ticker": "MA", "FullName": "\u8461\u8404\u738b\u751f\u6280\u80a1\u4efd\u6709\u9650\u516c\u53f8", "STC_Ticker": "1707", "ShortName": "\u8461\u8404\u738b", "HasFut": "\u25cf", "HasOpt": NaN, "IsList": "\u25ce", "IsOTC": NaN, "IsETF": NaN, "Multiplier": 2000.0}, {"FUT_Ticker": "MB", "FullName": "\u656c\u9d6c\u5de5\u696d\u80a1\u4efd\u6709\u9650\u516c\u53f8", "STC_Ticker": "2355", "ShortName": "\u656c\u9d6c", "HasFut": "\u25cf", "HasOpt": NaN, "IsList": "\u25ce", "IsOTC": NaN, "IsETF": NaN, "Multiplier": 2000.0}, {"FUT_Ticker": "MJ", "FullName": "\u81f4\u8302\u96fb\u5b50\u80a1\u4efd\u6709\u9650\u516c\u53f8", "STC_Ticker": "2360", "ShortName": "\u81f4\u8302", "HasFut": "\u25cf", "HasOpt": NaN, "IsList": "\u25ce", "IsOTC": NaN, "IsETF": NaN, "Multiplier": 2000.0}, {"FUT_Ticker": "MK", "FullName": "\u7f8e\u5f8b\u5be6\u696d\u80a1\u4efd\u6709\u9650\u516c\u53f8", "STC_Ticker": "2439", "ShortName": "\u7f8e\u5f8b", "HasFut": "\u25cf", "HasOpt": NaN, "IsList": "\u25ce", "IsOTC": NaN, "IsETF": NaN, "Multiplier": 2000.0}, {"FUT_Ticker": "MP", "FullName": "\u7cbe\u8aa0\u8cc7\u8a0a\u80a1\u4efd\u6709\u9650\u516c\u53f8", "STC_Ticker": "6214", "ShortName": "\u7cbe\u8aa0", "HasFut": "\u25cf", "HasOpt": NaN, "IsList": "\u25ce", "IsOTC": NaN, "IsETF": NaN, "Multiplier": 2000.0}, {"FUT_Ticker": "MQ", "FullName": "\u77fd\u683c\u80a1\u4efd\u6709\u9650\u516c\u53f8", "STC_Ticker": "6257", "ShortName": "\u77fd\u683c", "HasFut": "\u25cf", "HasOpt": NaN, "IsList": "\u25ce", "IsOTC": NaN, "IsETF": NaN, "Multiplier": 2000.0}, {"FUT_Ticker": "MV", "FullName": "\u53f0\u7063\u767e\u548c\u5de5\u696d\u80a1\u4efd\u6709\u9650\u516c\u53f8", "STC_Ticker": "9938", "ShortName": "\u767e\u548c", "HasFut": "\u25cf", "HasOpt": NaN, "IsList": "\u25ce", "IsOTC": NaN, "IsETF": NaN, "Multiplier": 2000.0}, {"FUT_Ticker": "MY", "FullName": "\u7cbe\u83ef\u5149\u5b78\u80a1\u4efd\u6709\u9650\u516c\u53f8", "STC_Ticker": "1565", "ShortName": "\u7cbe\u83ef", "HasFut": "\u25cf", "HasOpt": NaN, "IsList": NaN, "IsOTC": "\u25ce", "IsETF": NaN, "Multiplier": 2000.0}, {"FUT_Ticker": "NA", "FullName": "\u7a69\u61cb\u534a\u5c0e\u9ad4\u80a1\u4efd\u6709\u9650\u516c\u53f8", "STC_Ticker": "3105", "ShortName": "\u7a69\u61cb", "HasFut": "\u25cf", "HasOpt": NaN, "IsList": NaN, "IsOTC": "\u25ce", "IsETF": NaN, "Multiplier": 2000.0}, {"FUT_Ticker": "NB", "FullName": "\u749f\u5fb7\u96fb\u5b50\u5de5\u696d\u80a1\u4efd\u6709\u9650\u516c\u53f8", "STC_Ticker": "3152", "ShortName": "\u749f\u5fb7", "HasFut": "\u25cf", "HasOpt": NaN, "IsList": NaN, "IsOTC": "\u25ce", "IsETF": NaN, "Multiplier": 2000.0}, {"FUT_Ticker": "NC", "FullName": "\u9806\u9054\u79d1\u6280\u80a1\u4efd\u6709\u9650\u516c\u53f8", "STC_Ticker": "3211", "ShortName": "\u9806\u9054", "HasFut": "\u25cf", "HasOpt": NaN, "IsList": NaN, "IsOTC": "\u25ce", "IsETF": NaN, "Multiplier": 2000.0}, {"FUT_Ticker": "ND", "FullName": "\u5a01\u525b\u79d1\u6280\u80a1\u4efd\u6709\u9650\u516c\u53f8", "STC_Ticker": "3260", "ShortName": "\u5a01\u525b", "HasFut": "\u25cf", "HasOpt": NaN, "IsList": NaN, "IsOTC": "\u25ce", "IsETF": NaN, "Multiplier": 2000.0}, {"FUT_Ticker": "NE", "FullName": "\u6b23\u9293\u79d1\u6280\u80a1\u4efd\u6709\u9650\u516c\u53f8", "STC_Ticker": "3264", "ShortName": "\u6b23\u9293", "HasFut": "\u25cf", "HasOpt": NaN, "IsList": NaN, "IsOTC": "\u25ce", "IsETF": NaN, "Multiplier": 2000.0}, {"FUT_Ticker": "NG", "FullName": "\u78a9\u79be\u96fb\u5b50\u6750\u6599\u80a1\u4efd\u6709\u9650\u516c\u53f8", "STC_Ticker": "3691", "ShortName": "\u78a9\u79be", "HasFut": "\u25cf", "HasOpt": NaN, "IsList": NaN, "IsOTC": "\u25ce", "IsETF": NaN, "Multiplier": 2000.0}, {"FUT_Ticker": "NI", "FullName": "\u665f\u5fb7\u5927\u85e5\u5ee0\u80a1\u4efd\u6709\u9650\u516c\u53f8", "STC_Ticker": "4123", "ShortName": "\u665f\u5fb7", "HasFut": "\u25cf", "HasOpt": NaN, "IsList": NaN, "IsOTC": "\u25ce", "IsETF": NaN, "Multiplier": 2000.0}, {"FUT_Ticker": "NJ", "FullName": "\u69ae\u525b\u6750\u6599\u79d1\u6280\u80a1\u4efd\u6709\u9650\u516c\u53f8", "STC_Ticker": "5009", "ShortName": "\u69ae\u525b", "HasFut": "\u25cf", "HasOpt": NaN, "IsList": NaN, "IsOTC": "\u25ce", "IsETF": NaN, "Multiplier": 2000.0}, {"FUT_Ticker": "NL", "FullName": "\u4e16\u754c\u5148\u9032\u7a4d\u9ad4\u96fb\u8def\u80a1\u4efd\u6709\u9650\u516c\u53f8", "STC_Ticker": "5347", "ShortName": "\u4e16\u754c", "HasFut": "\u25cf", "HasOpt": NaN, "IsList": NaN, "IsOTC": "\u25ce", "IsETF": NaN, "Multiplier": 2000.0}, {"FUT_Ticker": "NM", "FullName": "\u4e2d\u5f37\u5149\u96fb\u80a1\u4efd\u6709\u9650\u516c\u53f8", "STC_Ticker": "5371", "ShortName": "\u4e2d\u5149\u96fb", "HasFut": "\u25cf", "HasOpt": NaN, "IsList": NaN, "IsOTC": "\u25ce", "IsETF": NaN, "Multiplier": 2000.0}, {"FUT_Ticker": "NO", "FullName": "\u4e2d\u7f8e\u77fd\u6676\u88fd\u54c1\u80a1\u4efd\u6709\u9650\u516c\u53f8", "STC_Ticker": "5483", "ShortName": "\u4e2d\u7f8e\u6676", "HasFut": "\u25cf", "HasOpt": NaN, "IsList": NaN, "IsOTC": "\u25ce", "IsETF": NaN, "Multiplier": 2000.0}, {"FUT_Ticker": "NQ", "FullName": "\u65b0\u666e\u79d1\u6280\u80a1\u4efd\u6709\u9650\u516c\u53f8", "STC_Ticker": "6121", "ShortName": "\u65b0\u666e", "HasFut": "\u25cf", "HasOpt": NaN, "IsList": NaN, "IsOTC": "\u25ce", "IsETF": NaN, "Multiplier": 2000.0}, {"FUT_Ticker": "NS", "FullName": "\u980e\u90a6\u79d1\u6280\u80a1\u4efd\u6709\u9650\u516c\u53f8", "STC_Ticker": "6147", "ShortName": "\u980e\u90a6", "HasFut": "\u25cf", "HasOpt": NaN, "IsList": NaN, "IsOTC": "\u25ce", "IsETF": NaN, "Multiplier": 2000.0}, {"FUT_Ticker": "NU", "FullName": "\u7db2\u8def\u5bb6\u5ead\u570b\u969b\u8cc7\u8a0a\u80a1\u4efd\u6709\u9650\u516c\u53f8", "STC_Ticker": "8044", "ShortName": "\u7db2\u5bb6", "HasFut": "\u25cf", "HasOpt": NaN, "IsList": NaN, "IsOTC": "\u25ce", "IsETF": NaN, "Multiplier": 2000.0}, {"FUT_Ticker": "NV", "FullName": "\u5143\u592a\u79d1\u6280\u5de5\u696d\u80a1\u4efd\u6709\u9650\u516c\u53f8", "STC_Ticker": "8069", "ShortName": "\u5143\u592a", "HasFut": "\u25cf", "HasOpt": NaN, "IsList": NaN, "IsOTC": "\u25ce", "IsETF": NaN, "Multiplier": 2000.0}, {"FUT_Ticker": "NW", "FullName": "\u7fa4\u806f\u96fb\u5b50\u80a1\u4efd\u6709\u9650\u516c\u53f8", "STC_Ticker": "8299", "ShortName": "\u7fa4\u806f", "HasFut": "\u25cf", "HasOpt": NaN, "IsList": NaN, "IsOTC": "\u25ce", "IsETF": NaN, "Multiplier": 2000.0}, {"FUT_Ticker": "NX", "FullName": "\u68ee\u9245\u79d1\u6280\u6750\u6599\u80a1\u4efd\u6709\u9650\u516c\u53f8", "STC_Ticker": "8942", "ShortName": "\u68ee\u9245", "HasFut": "\u25cf", "HasOpt": NaN, "IsList": NaN, "IsOTC": "\u25ce", "IsETF": NaN, "Multiplier": 2000.0}, {"FUT_Ticker": "NY", "FullName": "\u5143\u5927\u53f0\u7063\u5353\u8d8a50\u8b49\u5238\u6295\u8cc7\u4fe1\u8a17\u57fa\u91d1", "STC_Ticker": "0050", "ShortName": "\u5143\u5927\u53f0\u706350ETF", "HasFut": "\u25cf", "HasOpt": "\u25cf", "IsList": NaN, "IsOTC": NaN, "IsETF": "\u25ce", "Multiplier": 10000.0}, {"FUT_Ticker": "NZ", "FullName": "\u5143\u5927\u6a19\u667a\u6eec\u6df1300\u8b49\u5238\u6295\u8cc7\u4fe1\u8a17\u57fa\u91d1", "STC_Ticker": "0061", "ShortName": "\u5143\u5927\u5bf6\u6eec\u6df1ETF", "HasFut": "\u25cf", "HasOpt": "\u25cf", "IsList": NaN, "IsOTC": NaN, "IsETF": "\u25ce", "Multiplier": 10000.0}, {"FUT_Ticker": "OA", "FullName": "\u5bcc\u90a6\u4e0a\u8a3c180\u8b49\u5238\u6295\u8cc7\u4fe1\u8a17\u57fa\u91d1", "STC_Ticker": "006205", "ShortName": "\u5bcc\u90a6\u4e0a\u8a3cETF", "HasFut": "\u25cf", "HasOpt": "\u25cf", "IsList": NaN, "IsOTC": NaN, "IsETF": "\u25ce", "Multiplier": 10000.0}, {"FUT_Ticker": "OB", "FullName": "\u5143\u5927\u4e2d\u570b\u5098\u578b\u8b49\u5238\u6295\u8cc7\u4fe1\u8a17\u57fa\u91d1\u4e4b\u4e0a\u8b4950\u8b49\u5238\u6295\u8cc7\u4fe1\u8a17\u57fa\u91d1", "STC_Ticker": "006206", "ShortName": "\u5143\u5927\u4e0a\u8b4950ETF", "HasFut": "\u25cf", "HasOpt": "\u25cf", "IsList": NaN, "IsOTC": NaN, "IsETF": "\u25ce", "Multiplier": 10000.0}, {"FUT_Ticker": "OC", "FullName": "\u5fa9\u83ef\u6eec\u6df1300 A\u80a1\u8b49\u5238\u6295\u8cc7\u4fe1\u8a17\u57fa\u91d1", "STC_Ticker": "006207", "ShortName": "FH\u6eec\u6df1ETF", "HasFut": "\u25cf", "HasOpt": "\u25cf", "IsList": NaN, "IsOTC": NaN, "IsETF": "\u25ce", "Multiplier": 10000.0}, {"FUT_Ticker": "OD", "FullName": "\u70ba\u5347\u96fb\u88dd\u5de5\u696d\u80a1\u4efd\u6709\u9650\u516c\u53f8", "STC_Ticker": "2231", "ShortName": "\u70ba\u5347", "HasFut": "\u25cf", "HasOpt": NaN, "IsList": "\u25ce", "IsOTC": NaN, "IsETF": NaN, "Multiplier": 2000.0}, {"FUT_Ticker": "OE", "FullName": "\u701a\u5b87\u5f69\u6676\u80a1\u4efd\u6709\u9650\u516c\u53f8", "STC_Ticker": "6116", "ShortName": "\u5f69\u6676", "HasFut": "\u25cf", "HasOpt": NaN, "IsList": "\u25ce", "IsOTC": NaN, "IsETF": NaN, "Multiplier": 2000.0}, {"FUT_Ticker": "OH", "FullName": "\u80e1\u9023\u7cbe\u5bc6\u80a1\u4efd\u6709\u9650\u516c\u53f8", "STC_Ticker": "6279", "ShortName": "\u80e1\u9023", "HasFut": "\u25cf", "HasOpt": NaN, "IsList": NaN, "IsOTC": "\u25ce", "IsETF": NaN, "Multiplier": 2000.0}, {"FUT_Ticker": "OJ", "FullName": "\u570b\u6cf0\u5bcc\u6642\u4e2d\u570bA50\u8b49\u5238\u6295\u8cc7\u4fe1\u8a17\u57fa\u91d1", "STC_Ticker": "00636", "ShortName": "\u570b\u6cf0\u4e2d\u570bA50ETF", "HasFut": "\u25cf", "HasOpt": "\u25cf", "IsList": NaN, "IsOTC": NaN, "IsETF": "\u25ce", "Multiplier": 10000.0}, {"FUT_Ticker": "OK", "FullName": "\u5bcc\u90a6\u6df1\u8a3c100\u8b49\u5238\u6295\u8cc7\u4fe1\u8a17\u57fa\u91d1", "STC_Ticker": "00639", "ShortName": "\u5bcc\u90a6\u6df1100ETF", "HasFut": "\u25cf", "HasOpt": "\u25cf", "IsList": NaN, "IsOTC": NaN, "IsETF": "\u25ce", "Multiplier": 10000.0}, {"FUT_Ticker": "OL", "FullName": "\u5927\u7acb\u5149\u96fb\u80a1\u4efd\u6709\u9650\u516c\u53f8", "STC_Ticker": "3008", "ShortName": "\u5927\u7acb\u5149", "HasFut": "\u25cf", "HasOpt": NaN, "IsList": "\u25ce", "IsOTC": NaN, "IsETF": NaN, "Multiplier": 100.0}, {"FUT_Ticker": "OM", "FullName": "\u7cbe\u83ef\u5149\u5b78\u80a1\u4efd\u6709\u9650\u516c\u53f8", "STC_Ticker": "1565", "ShortName": "\u7cbe\u83ef", "HasFut": "\u25cf", "HasOpt": NaN, "IsList": NaN, "IsOTC": "\u25ce", "IsETF": NaN, "Multiplier": 100.0}, {"FUT_Ticker": "OO", "FullName": "\u7fa4\u76ca\u6df1\u8a3c\u4e2d\u5c0f\u677f\u8b49\u5238\u6295\u8cc7\u4fe1\u8a17\u57fa\u91d1", "STC_Ticker": "00643", "ShortName": "\u7fa4\u76ca\u6df1\u8a3c\u4e2d\u5c0fETF", "HasFut": "\u25cf", "HasOpt": "\u25cf", "IsList": NaN, "IsOTC": NaN, "IsETF": "\u25ce", "Multiplier": 10000.0}, {"FUT_Ticker": "OP", "FullName": "\u667a\u90a6\u79d1\u6280\u80a1\u4efd\u6709\u9650\u516c\u53f8", "STC_Ticker": "2345", "ShortName": "\u667a\u90a6", "HasFut": "\u25cf", "HasOpt": NaN, "IsList": "\u25ce", "IsOTC": NaN, "IsETF": NaN, "Multiplier": 2000.0}, {"FUT_Ticker": "OQ", "FullName": "\u6a3a\u6f22\u79d1\u6280\u80a1\u4efd\u6709\u9650\u516c\u53f8", "STC_Ticker": "6414", "ShortName": "\u6a3a\u6f22", "HasFut": "\u25cf", "HasOpt": NaN, "IsList": "\u25ce", "IsOTC": NaN, "IsETF": NaN, "Multiplier": 2000.0}, {"FUT_Ticker": "OR", "FullName": "\u548c\u5927\u5de5\u696d\u80a1\u4efd\u6709\u9650\u516c\u53f8", "STC_Ticker": "1536", "ShortName": "\u548c\u5927", "HasFut": "\u25cf", "HasOpt": NaN, "IsList": "\u25ce", "IsOTC": NaN, "IsETF": NaN, "Multiplier": 2000.0}, {"FUT_Ticker": "OS", "FullName": "\u69ae\u6210\u7d19\u696d\u80a1\u4efd\u6709\u9650\u516c\u53f8", "STC_Ticker": "1909", "ShortName": "\u69ae\u6210", "HasFut": "\u25cf", "HasOpt": NaN, "IsList": "\u25ce", "IsOTC": NaN, "IsETF": NaN, "Multiplier": 2000.0}, {"FUT_Ticker": "OT", "FullName": "\u806f\u4e9e\u5149\u96fb\u5de5\u696d\u80a1\u4efd\u6709\u9650\u516c\u53f8", "STC_Ticker": "3081", "ShortName": "\u806f\u4e9e", "HasFut": "\u25cf", "HasOpt": NaN, "IsList": NaN, "IsOTC": "\u25ce", "IsETF": NaN, "Multiplier": 2000.0}, {"FUT_Ticker": "OU", "FullName": "\u540c\u81f4\u96fb\u5b50\u4f01\u696d\u80a1\u4efd\u6709\u9650\u516c\u53f8", "STC_Ticker": "3552", "ShortName": "\u540c\u81f4", "HasFut": "\u25cf", "HasOpt": NaN, "IsList": NaN, "IsOTC": "\u25ce", "IsETF": NaN, "Multiplier": 2000.0}, {"FUT_Ticker": "OV", "FullName": "\u53f0\u71ff\u79d1\u6280\u80a1\u4efd\u6709\u9650\u516c\u53f8", "STC_Ticker": "6274", "ShortName": "\u53f0\u71ff", "HasFut": "\u25cf", "HasOpt": NaN, "IsList": NaN, "IsOTC": "\u25ce", "IsETF": NaN, "Multiplier": 2000.0}, {"FUT_Ticker": "OW", "FullName": "\u74b0\u7403\u6676\u5713\u80a1\u4efd\u6709\u9650\u516c\u53f8", "STC_Ticker": "6488", "ShortName": "\u74b0\u7403\u6676", "HasFut": "\u25cf", "HasOpt": NaN, "IsList": NaN, "IsOTC": "\u25ce", "IsETF": NaN, "Multiplier": 2000.0}, {"FUT_Ticker": "OX", "FullName": "\u4e2d\u83ef\u7cbe\u6e2c\u79d1\u6280\u80a1\u4efd\u6709\u9650\u516c\u53f8", "STC_Ticker": "6510", "ShortName": "\u7cbe\u6e2c", "HasFut": "\u25cf", "HasOpt": NaN, "IsList": NaN, "IsOTC": "\u25ce", "IsETF": NaN, "Multiplier": 2000.0}, {"FUT_Ticker": "OY", "FullName": "\u4e2d\u83ef\u7cbe\u6e2c\u79d1\u6280\u80a1\u4efd\u6709\u9650\u516c\u53f8", "STC_Ticker": "6510", "ShortName": "\u7cbe\u6e2c", "HasFut": "\u25cf", "HasOpt": NaN, "IsList": NaN, "IsOTC": "\u25ce", "IsETF": NaN, "Multiplier": 100.0}, {"FUT_Ticker": "OZ", "FullName": "\u65e5\u6708\u5149\u6295\u8cc7\u63a7\u80a1\u80a1\u4efd\u6709\u9650\u516c\u53f8", "STC_Ticker": "3711", "ShortName": "\u65e5\u6708\u5149\u6295\u63a7", "HasFut": "\u25cf", "HasOpt": "\u25cf", "IsList": "\u25ce", "IsOTC": NaN, "IsETF": NaN, "Multiplier": 2000.0}, {"FUT_Ticker": "PA", "FullName": "\u539f\u76f8\u79d1\u6280\u80a1\u4efd\u6709\u9650\u516c\u53f8", "STC_Ticker": "3227", "ShortName": "\u539f\u76f8", "HasFut": "\u25cf", "HasOpt": NaN, "IsList": NaN, "IsOTC": "\u25ce", "IsETF": NaN, "Multiplier": 2000.0}, {"FUT_Ticker": "PB", "FullName": "\u74b0\u7403\u6676\u5713\u80a1\u4efd\u6709\u9650\u516c\u53f8", "STC_Ticker": "6488", "ShortName": "\u74b0\u7403\u6676", "HasFut": "\u25cf", "HasOpt": NaN, "IsList": NaN, "IsOTC": "\u25ce", "IsETF": NaN, "Multiplier": 100.0}, {"FUT_Ticker": "PC", "FullName": "\u667a\u64ce\u751f\u6280\u88fd\u85e5\u80a1\u4efd\u6709\u9650\u516c\u53f8", "STC_Ticker": "4162", "ShortName": "\u667a\u64ce", "HasFut": "\u25cf", "HasOpt": NaN, "IsList": NaN, "IsOTC": "\u25ce", "IsETF": NaN, "Multiplier": 2000.0}, {"FUT_Ticker": "PD", "FullName": "\u6cf0\u535a\u79d1\u6280\u80a1\u4efd\u6709\u9650\u516c\u53f8", "STC_Ticker": "4736", "ShortName": "\u6cf0\u535a", "HasFut": "\u25cf", "HasOpt": NaN, "IsList": NaN, "IsOTC": "\u25ce", "IsETF": NaN, "Multiplier": 2000.0}, {"FUT_Ticker": "PE", "FullName": "\u53f0\u7063\u534a\u5c0e\u9ad4\u80a1\u4efd\u6709\u9650\u516c\u53f8", "STC_Ticker": "5425", "ShortName": "\u53f0\u534a", "HasFut": "\u25cf", "HasOpt": NaN, "IsList": NaN, "IsOTC": "\u25ce", "IsETF": NaN, "Multiplier": 2000.0}, {"FUT_Ticker": "PF", "FullName": "\u5143\u5927\u53f0\u7063\u9ad8\u80a1\u606f\u8b49\u5238\u6295\u8cc7\u4fe1\u8a17\u57fa\u91d1", "STC_Ticker": "0056", "ShortName": "\u5143\u5927\u9ad8\u80a1\u606fETF", "HasFut": "\u25cf", "HasOpt": NaN, "IsList": NaN, "IsOTC": NaN, "IsETF": "\u25ce", "Multiplier": 10000.0}, {"FUT_Ticker": "PG", "FullName": "\u53f0\u7063\u9ad8\u901f\u9435\u8def\u80a1\u4efd\u6709\u9650\u516c\u53f8", "STC_Ticker": "2633", "ShortName": "\u53f0\u7063\u9ad8\u9435", "HasFut": "\u25cf", "HasOpt": NaN, "IsList": "\u25ce", "IsOTC": NaN, "IsETF": NaN, "Multiplier": 2000.0}, {"FUT_Ticker": "PH", "FullName": "\u7965\u78a9\u79d1\u6280\u80a1\u4efd\u6709\u9650\u516c\u53f8", "STC_Ticker": "5269", "ShortName": "\u7965\u78a9", "HasFut": "\u25cf", "HasOpt": NaN, "IsList": "\u25ce", "IsOTC": NaN, "IsETF": NaN, "Multiplier": 2000.0}, {"FUT_Ticker": "PI", "FullName": "\u529b\u65fa\u96fb\u5b50\u80a1\u4efd\u6709\u9650\u516c\u53f8", "STC_Ticker": "3529", "ShortName": "\u529b\u65fa", "HasFut": "\u25cf", "HasOpt": NaN, "IsList": NaN, "IsOTC": "\u25ce", "IsETF": NaN, "Multiplier": 2000.0}, {"FUT_Ticker": "PJ", "FullName": "\u53f0\u5149\u96fb\u5b50\u6750\u6599\u80a1\u4efd\u6709\u9650\u516c\u53f8", "STC_Ticker": "2383", "ShortName": "\u53f0\u5149\u96fb", "HasFut": "\u25cf", "HasOpt": NaN, "IsList": "\u25ce", "IsOTC": NaN, "IsETF": NaN, "Multiplier": 2000.0}, {"FUT_Ticker": "PK", "FullName": "\u4fe1\u660c\u96fb\u5b50\u9676\u74f7\u80a1\u4efd\u6709\u9650\u516c\u53f8", "STC_Ticker": "6173", "ShortName": "\u4fe1\u660c\u96fb", "HasFut": "\u25cf", "HasOpt": NaN, "IsList": NaN, "IsOTC": "\u25ce", "IsETF": NaN, "Multiplier": 2000.0}, {"FUT_Ticker": "PL", "FullName": "\u5408\u6676\u79d1\u6280\u80a1\u4efd\u6709\u9650\u516c\u53f8", "STC_Ticker": "6182", "ShortName": "\u5408\u6676", "HasFut": "\u25cf", "HasOpt": NaN, "IsList": NaN, "IsOTC": "\u25ce", "IsETF": NaN, "Multiplier": 2000.0}, {"FUT_Ticker": "PM", "FullName": "\u5927\u6c5f\u751f\u91ab\u80a1\u4efd\u6709\u9650\u516c\u53f8", "STC_Ticker": "8436", "ShortName": "\u5927\u6c5f", "HasFut": "\u25cf", "HasOpt": NaN, "IsList": NaN, "IsOTC": "\u25ce", "IsETF": NaN, "Multiplier": 2000.0}, {"FUT_Ticker": "PN", "FullName": "\u7965\u78a9\u79d1\u6280\u80a1\u4efd\u6709\u9650\u516c\u53f8", "STC_Ticker": "5269", "ShortName": "\u7965\u78a9", "HasFut": "\u25cf", "HasOpt": NaN, "IsList": "\u25ce", "IsOTC": NaN, "IsETF": NaN, "Multiplier": 100.0}, {"FUT_Ticker": "PO", "FullName": "\u795e\u76fe\u80a1\u4efd\u6709\u9650\u516c\u53f8", "STC_Ticker": "6462", "ShortName": "\u795e\u76fe", "HasFut": "\u25cf", "HasOpt": NaN, "IsList": NaN, "IsOTC": "\u25ce", "IsETF": NaN, "Multiplier": 2000.0}, {"FUT_Ticker": "PP", "FullName": "\u5ba3\u5fb7\u79d1\u6280\u80a1\u4efd\u6709\u9650\u516c\u53f8", "STC_Ticker": "5457", "ShortName": "\u5ba3\u5fb7", "HasFut": "\u25cf", "HasOpt": NaN, "IsList": NaN, "IsOTC": "\u25ce", "IsETF": NaN, "Multiplier": 2000.0}, {"FUT_Ticker": "PQ", "FullName": "\u91d1\u5c45\u958b\u767c\u80a1\u4efd\u6709\u9650\u516c\u53f8", "STC_Ticker": "8358", "ShortName": "\u91d1\u5c45", "HasFut": "\u25cf", "HasOpt": NaN, "IsList": NaN, "IsOTC": "\u25ce", "IsETF": NaN, "Multiplier": 2000.0}, {"FUT_Ticker": "PR", "FullName": "\u5b8f\u6377\u79d1\u6280\u80a1\u4efd\u6709\u9650\u516c\u53f8", "STC_Ticker": "8086", "ShortName": "\u5b8f\u6377\u79d1", "HasFut": "\u25cf", "HasOpt": NaN, "IsList": NaN, "IsOTC": "\u25ce", "IsETF": NaN, "Multiplier": 2000.0}, {"FUT_Ticker": "PS", "FullName": "\u795e\u9054\u6295\u8cc7\u63a7\u80a1\u80a1\u4efd\u6709\u9650\u516c\u53f8 ", "STC_Ticker": "3706", "ShortName": "\u795e\u9054", "HasFut": "\u25cf", "HasOpt": NaN, "IsList": "\u25ce", "IsOTC": NaN, "IsETF": NaN, "Multiplier": 2000.0}, {"FUT_Ticker": "PT", "FullName": "\u96d9\u9d3b\u79d1\u6280\u80a1\u4efd\u6709\u9650\u516c\u53f8", "STC_Ticker": "3324", "ShortName": "\u96d9\u9d3b", "HasFut": "\u25cf", "HasOpt": NaN, "IsList": NaN, "IsOTC": "\u25ce", "IsETF": NaN, "Multiplier": 2000.0}, {"FUT_Ticker": "PU", "FullName": "\u806f\u767c\u79d1\u6280\u80a1\u4efd\u6709\u9650\u516c\u53f8", "STC_Ticker": "2454", "ShortName": "\u806f\u767c\u79d1", "HasFut": "\u25cf", "HasOpt": NaN, "IsList": "\u25ce", "IsOTC": NaN, "IsETF": NaN, "Multiplier": 100.0}, {"FUT_Ticker": "PV", "FullName": "\u7def\u7a4e\u79d1\u6280\u670d\u52d9\u80a1\u4efd\u6709\u9650\u516c\u53f8", "STC_Ticker": "6669", "ShortName": "\u7def\u7a4e", "HasFut": "\u25cf", "HasOpt": NaN, "IsList": "\u25ce", "IsOTC": NaN, "IsETF": NaN, "Multiplier": 2000.0}, {"FUT_Ticker": "PW", "FullName": "\u7def\u7a4e\u79d1\u6280\u670d\u52d9\u80a1\u4efd\u6709\u9650\u516c\u53f8", "STC_Ticker": "6669", "ShortName": "\u7def\u7a4e", "HasFut": "\u25cf", "HasOpt": NaN, "IsList": "\u25ce", "IsOTC": NaN, "IsETF": NaN, "Multiplier": 100.0}, {"FUT_Ticker": "PX", "FullName": "\u920a\u8c61\u96fb\u5b50\u80a1\u4efd\u6709\u9650\u516c\u53f8", "STC_Ticker": "3293", "ShortName": "\u920a\u8c61", "HasFut": "\u25cf", "HasOpt": NaN, "IsList": NaN, "IsOTC": "\u25ce", "IsETF": NaN, "Multiplier": 2000.0}, {"FUT_Ticker": "PY", "FullName": "\u920a\u8c61\u96fb\u5b50\u80a1\u4efd\u6709\u9650\u516c\u53f8", "STC_Ticker": "3293", "ShortName": "\u920a\u8c61", "HasFut": "\u25cf", "HasOpt": NaN, "IsList": NaN, "IsOTC": "\u25ce", "IsETF": NaN, "Multiplier": 100.0}, {"FUT_Ticker": "PZ", "FullName": "\u4fe1\u9a4a\u79d1\u6280\u80a1\u4efd\u6709\u9650\u516c\u53f8", "STC_Ticker": "5274", "ShortName": "\u4fe1\u9a4a", "HasFut": "\u25cf", "HasOpt": NaN, "IsList": NaN, "IsOTC": "\u25ce", "IsETF": NaN, "Multiplier": 2000.0}, {"FUT_Ticker": "QA", "FullName": "\u4fe1\u9a4a\u79d1\u6280\u80a1\u4efd\u6709\u9650\u516c\u53f8", "STC_Ticker": "5274", "ShortName": "\u4fe1\u9a4a", "HasFut": "\u25cf", "HasOpt": NaN, "IsList": NaN, "IsOTC": "\u25ce", "IsETF": NaN, "Multiplier": 100.0}, {"FUT_Ticker": "QB", "FullName": "\u5bcc\u91c7\u6295\u8cc7\u63a7\u80a1\u80a1\u4efd\u6709\u9650\u516c\u53f8", "STC_Ticker": "3714", "ShortName": "\u5bcc\u91c7", "HasFut": "\u25cf", "HasOpt": "\u25cf", "IsList": "\u25ce", "IsOTC": NaN, "IsETF": NaN, "Multiplier": 2000.0}, {"FUT_Ticker": "QC", "FullName": "\u88d5\u6c11\u822a\u904b\u80a1\u4efd\u6709\u9650\u516c\u53f8", "STC_Ticker": "2606", "ShortName": "\u88d5\u6c11", "HasFut": "\u25cf", "HasOpt": NaN, "IsList": "\u25ce", "IsOTC": NaN, "IsETF": NaN, "Multiplier": 2000.0}, {"FUT_Ticker": "QD", "FullName": "\u53f0\u5851\u52dd\u9ad8\u79d1\u6280\u80a1\u4efd\u6709\u9650\u516c\u53f8", "STC_Ticker": "3532", "ShortName": "\u53f0\u52dd\u79d1", "HasFut": "\u25cf", "HasOpt": NaN, "IsList": "\u25ce", "IsOTC": NaN, "IsETF": NaN, "Multiplier": 2000.0}, {"FUT_Ticker": "QE", "FullName": "\u570b\u5de8\u80a1\u4efd\u6709\u9650\u516c\u53f8", "STC_Ticker": "2327", "ShortName": "\u570b\u5de8", "HasFut": "\u25cf", "HasOpt": NaN, "IsList": "\u25ce", "IsOTC": NaN, "IsETF": NaN, "Multiplier": 100.0}, {"FUT_Ticker": "QF", "FullName": "\u53f0\u7063\u7a4d\u9ad4\u96fb\u8def\u88fd\u9020\u80a1\u4efd\u6709\u9650\u516c\u53f8", "STC_Ticker": "2330", "ShortName": "\u53f0\u7a4d\u96fb", "HasFut": "\u25cf", "HasOpt": NaN, "IsList": "\u25ce", "IsOTC": NaN, "IsETF": NaN, "Multiplier": 100.0}, {"FUT_Ticker": "QG", "FullName": "\u745e\u6631\u534a\u5c0e\u9ad4\u80a1\u4efd\u6709\u9650\u516c\u53f8", "STC_Ticker": "2379", "ShortName": "\u745e\u6631", "HasFut": "\u25cf", "HasOpt": NaN, "IsList": "\u25ce", "IsOTC": NaN, "IsETF": NaN, "Multiplier": 100.0}, {"FUT_Ticker": "QH", "FullName": "\u806f\u8a60\u79d1\u6280\u80a1\u4efd\u6709\u9650\u516c\u53f8", "STC_Ticker": "3034", "ShortName": "\u806f\u8a60", "HasFut": "\u25cf", "HasOpt": NaN, "IsList": "\u25ce", "IsOTC": NaN, "IsETF": NaN, "Multiplier": 100.0}, {"FUT_Ticker": "QI", "FullName": "\u7a69\u61cb\u534a\u5c0e\u9ad4\u80a1\u4efd\u6709\u9650\u516c\u53f8", "STC_Ticker": "3105", "ShortName": "\u7a69\u61cb", "HasFut": "\u25cf", "HasOpt": NaN, "IsList": NaN, "IsOTC": "\u25ce", "IsETF": NaN, "Multiplier": 100.0}, {"FUT_Ticker": "QJ", "FullName": "\u7389\u6676\u5149\u96fb\u80a1\u4efd\u6709\u9650\u516c\u53f8", "STC_Ticker": "3406", "ShortName": "\u7389\u6676\u5149", "HasFut": "\u25cf", "HasOpt": NaN, "IsList": "\u25ce", "IsOTC": NaN, "IsETF": NaN, "Multiplier": 100.0}]