Date,Method,Tickers
2020-10-23,VolumeWithMACD,"['8028', '6278', '6213']"
2020-10-26,VolumeWithMACD,"['3711', '2412', '4551', '2376', '6706', '3010']"
2020-10-27,VolumeWithMACD,"['2106', '4927', '9945', '2337', '2915']"
2020-10-28,VolumeWithMACD,"['1102', '8215', '3231', '3041', '2356', '6153', '2385']"
2020-10-29,VolumeWithMACD,"['1732', '1598', '6176']"
2020-10-30,VolumeWithMACD,"['1598', '6176', '1732']"
2020-10-30,TOWERWithMACD,['2891B']
2020-10-30,VolumeWithMACD,['2108']
2020-11-03,TOWERWithMACD,"['5871A', '1303', '00738U', '2910', '2880', '5880', '8114', '2613', '2239', '1326', '2497', '8039', '6415', '2884', '6670', '2834', '00701', '1786', '2207', '2456', '1402', '3536', '3530', '910861', '1512', '5876', '2634', '00640L', '2891', '3557', '00714', '3229', '2542', '5471', '2002', '2913', '2882', '4904', '2801', '1476', '0055', '5283', '1301', '00730', '8046', '1101', '4720', '2887E', '2832', '1102', '2912', '4938', '00657', '8341']"
2020-11-03,VolumeWithMACD,"['1604', '1101']"
2020-11-04,TOWERWithMACD,"['006203', '2340', '2342', '00770', '020018', '4545', '1527', '3013', '2105', '2449', '0054', '8404', '01001T', '00851', '00875', '2534', '5521', '00645', '00737', '00861', '00672L', '00876', '1717', '2612', '8101', '2464', '2013', '00717']"
2020-11-04,VolumeWithMACD,"['2882', '1604', '1717', '3189']"
2020-11-05,TOWERWithMACD,"['1217', '2481', '4952', '8105', '3043', '0061', '3518', '5484', '4915', '3209', '2101', '1733', '3494', '2415', '2323', '2904', '1809', '6282', '8271']"
2020-11-05,VolumeWithMACD,"['00650L', '4915', '5876', '1701', '2881', '2412', '2633', '1734']"
2020-11-06,TOWERWithMACD,"['2425', '3015', '6283', '1417', '3528', '2107', '4976', '2401', '4725', '8033']"
2020-11-06,VolumeWithMACD,"['1598', '5469', '4904', '00635U', '8213', '8163', '3376']"
2020-11-06,TOWERWithMACD,"['3030', '6533', '3338', '2450', '1583', '4725', '8464', '01009T', '3528', '1626', '3454', '4581', '2425', '2420']"
2020-11-06,TOWERWithMACD_EMA23,"['2450', '4725', '2425']"
2020-11-06,TOWERWithMACD_EMA67,"['6533', '4725', '3528', '2425']"
2020-11-06,TOWERWithMACD_EMA67_23,"['4725', '2425']"
2020-11-06,VolumeWithMACD,"['1301', '8499', '2456', '2478', '2633', '2375', '1303', '8163', '5469', '2106', '3026', '1604', '1326', '3090', '2474']"
2020-11-10,TOWERWithMACD,"['3004', '2316', '1104', '5905', '1565', '1736', '2546', '2547', '4999', '2739', '2601', '8076', '00681R', '2611', '1213', '2702', '1452', '1522', '1307', '2511', '2380', '3037', '2809', '9938', '2748', '2729', '2329', '2929', '2867', '2905', '2731', '2722', '1539', '2841', '4572', '5284', '1109', '1781']"
2020-11-10,TOWERWithMACD_EMA23,"['1736', '2547', '2739', '2511', '2809', '9938', '2748', '2729', '2329', '2722', '5284']"
2020-11-10,TOWERWithMACD_EMA67,"['1104', '2547', '2739', '2611', '2511', '2380', '2809', '9938', '2729', '2329', '1109']"
2020-11-10,TOWERWithMACD_EMA67_23,"['2547', '2511', '9938', '2329', '2809', '2729', '2739']"
2020-11-10,VolumeWithMACD,"['6261', '8150', '8076', '2239', '4528', '3611', '2101', '2633', '2723', '8043', '2542', '3303', '2892', '8046', '9910', '9802', '6505', '2882', '6278', '6285', '3388', '6284', '5425', '00653L', '2428', '2881', '1326', '4551', '8942', '00701', '2342', '4417', '3511', '3580', '1799', '6239', '2929', '6706', '2231', '2707', '3541', '1477', '2727', '4953', '3026', '1301', '4935', '3003', '2634']"
2020-11-11,TOWERWithMACD,"['1451', '2065', '2419', '2314', '6469', '8105', '1337', '2539', '2538', '2402', '8482', '6142', '6175', '2471', '2020', '8011', '3031', '2383', '9931', '01002T', '2023', '4747', '9902', '6449', '4576', '6146', '4114', '1805', '3147', '6592', '8028']"
2020-11-11,TOWERWithMACD_EMA23,"['1451', '6175', '2471', '2023']"
2020-11-11,TOWERWithMACD_EMA67,"['1337', '2402', '6175', '2471', '2020', '01002T', '2023', '6449', '1805']"
2020-11-11,TOWERWithMACD_EMA67_23,"['2023', '2471', '6175']"
2020-11-11,VolumeWithMACD,"['2342', '2105', '8213', '8255', '2723', '2002', '1304', '3388', '00701', '2317', '2881', '3209', '4168', '4977', '0050', '6451', '1229', '4205', '1303', '6505', '3044', '3265', '00721B', '6438', '6175', '3511', '1301', '6426', '6591', '3144', '6261', '2206', '8358', '2314', '1101', '4545', '2354', '2884', '8931', '2107', '3706', '6411', '2332', '2481', '3450', '1527', '1308', '1402', '6292', '4107', '1336', '1799', '6629', '1604', '3694', '5209', '1305', '3092', '6173', '6523', '6271', '2542', '1215', '8444', '2886', '4138', '2013']"
2020-11-11,VolumeWithMACD_EMA67_23,"['2342', '2105', '8255', '2723', '2002', '1304', '3388', '00701', '2317', '2881', '0050', '1229', '4205', '1303', '6505', '3044', '3265', '00721B', '6438', '6175', '1301', '3144', '2206', '8358', '4545', '2884', '8931', '2107', '3706', '6411', '2332', '2481', '3450', '1527', '1308', '1402', '1336', '6629', '1305', '3092', '6173', '6523', '6271', '1215', '8444', '2886', '4138', '2013']"
2020-11-11,VolumeWithMACD_EMA67_23_VOL5,"['2342', '2105', '8255', '2723', '2002', '1304', '3388', '00701', '2881', '1229', '4205', '1303', '6505', '3044', '3265', '6438', '6175', '1301', '3144', '2206', '8358', '4545', '2884', '2107', '3706', '2332', '2481', '3450', '1527', '1402', '1336', '6629', '1305', '3092', '6173', '6523', '1215', '8444', '2886', '4138', '2013']"
2020-11-11,VolumeWithMACD_EMA67_23_VOL5_67,"['2342', '6505', '6629', '3044', '3265', '2884', '2105', '8255', '6438', '2107', '2723', '2002', '3706', '1304', '3388', '6175', '2332', '00701', '2481', '2881', '1301', '1305', '6173', '3092', '3450', '3144', '6523', '1527', '1402', '1215', '8358', '8444', '2886', '1336', '1229', '4205', '4545', '1303']"
2020-11-11,VolumeWithMACD_EMA67_23_VOL67,"['2342', '2105', '8255', '2723', '2002', '1304', '3388', '00701', '2881', '1229', '4205', '1303', '6505', '3044', '3265', '6438', '6175', '1301', '3144', '8358', '4545', '2884', '8931', '2107', '3706', '6411', '2332', '2481', '3450', '1527', '1308', '1402', '1336', '6629', '1305', '3092', '6173', '6523', '1215', '8444', '2886']"
2020-11-12,TOWERWithMACD,"['2719', '3687', '2392', '4432', '4728', '4971', '3698', '6124', '3685', '3630', '1441', '3289', '9946']"
2020-11-12,TOWERWithMACD_EMA23,['3685']
2020-11-12,TOWERWithMACD_EMA67,"['1441', '9946']"
2020-11-12,TOWERWithMACD_EMA67_23,[]
2020-11-12,VolumeWithMACD,"['2467', '3666', '8038', '6188', '1795', '6271', '2314', '6451', '8103', '6426', '3630', '6261', '6169', '2726', '8410', '3530', '6245', '2352', '3017', '2313', '3484', '6667', '1216', '1201', '1587', '2428', '8358', '2066', '3413', '3083', '3338']"
2020-11-12,VolumeWithMACD_EMA67_23,"['2467', '3666', '8038', '1795', '6271', '6451', '2726', '2352', '3017', '2313', '3484', '6667', '1216', '1201', '2428', '8358', '3413']"
2020-11-12,VolumeWithMACD_EMA67_23_VOL5,"['3666', '8038', '1795', '6271', '6451', '2726', '2352', '3017', '2313', '6667', '1216', '1201', '2428', '8358']"
2020-11-12,VolumeWithMACD_EMA67_23_VOL5_67,"['2726', '8038', '2313', '6451', '2428', '1216', '3017', '6271', '8358', '3666', '1201', '6667', '1795', '2352']"
2020-11-12,VolumeWithMACD_EMA67_23_VOL67,"['2467', '3666', '8038', '1795', '6271', '6451', '2726', '2352', '3017', '2313', '3484', '6667', '1216', '1201', '2428', '8358', '3413']"
2020-11-13,TOWERWithMACD,"['5203', '4938', '5220', '5016', '00855B', '00656R', '5356', '00790B', '3325', '1454', '1777', '4123', '6220', '4414', '6535', '00638R', '00634R', '5305', '2243', '3594']"
2020-11-13,TOWERWithMACD_EMA23,"['4938', '5016', '5305']"
2020-11-13,TOWERWithMACD_EMA67,"['4938', '5016', '1454', '6220', '5305']"
2020-11-13,TOWERWithMACD_EMA67_23,"['5016', '5305', '4938']"
2020-11-13,VolumeWithMACD,"['006208', '6533', '3141', '2206', '3455', '2105', '5220', '8406', '3484', '1580', '1536', '5371', '2066', '3092', '2497', '3631', '2107', '4977', '6667', '3504', '1796', '8446', '2727', '1210', '2915', '1777', '4123', '2472', '5243', '4545']"
2020-11-13,VolumeWithMACD_EMA67_23,"['006208', '6533', '3141', '2206', '3455', '2105', '8406', '3484', '1580', '5371', '3092', '2497', '3631', '2107', '4977', '3504', '1796', '8446', '2727', '1210', '2915', '5243', '4545']"
2020-11-13,VolumeWithMACD_EMA67_23_VOL5,"['6533', '3455', '3484', '3092', '2497', '4977', '3504', '1796', '1210', '2915', '5243', '4545']"
2020-11-13,VolumeWithMACD_EMA67_23_VOL5_67,"['3455', '4977', '2497', '6533', '1796', '2915', '5243', '3504', '3092', '4545', '3484']"
2020-11-13,VolumeWithMACD_EMA67_23_VOL67,"['006208', '6533', '3141', '3455', '2105', '8406', '3484', '1580', '3092', '2497', '3631', '4977', '3504', '1796', '8446', '2727', '2915', '5243', '4545']"
2020-11-13,TOWERWithMACD,"['5220', '5356', '00634R', '00638R', '6220', '00790B', '3325', '4414', '00855B', '1454', '5016', '1777', '4938', '5305', '4123', '3594', '6535', '00656R', '5203', '2243']"
2020-11-13,TOWERWithMACD_EMA23,"['5016', '4938', '5305']"
2020-11-13,TOWERWithMACD_EMA67,"['6220', '1454', '5016', '4938', '5305']"
2020-11-13,TOWERWithMACD_EMA67_23,"['4938', '5016', '5305']"
2020-11-13,VolumeWithMACD,"['2726', '9938', '2104', '2723', '3289', '2915', '2881', '6188', '8171', '8406', '3611', '4551', '3178', '8938', '6294', '2752', '6667', '8446', '2467', '6150', '2727', '6239', '3092', '3388', '3083', '2732', '1102', '1736', '2428', '1210', '2101', '1326', '4123', '6505', '8433', '3141', '6469', '2640', '1229', '2065', '6284', '6261', '9904', '2542', '8046', '6203', '2342', '6279']"
2020-11-13,VolumeWithMACD_EMA67_23,"['2723', '2915', '2881', '6188', '8171', '8406', '4551', '8938', '8446', '2467', '6150', '2727', '3092', '3388', '1102', '1736', '2428', '1210', '1326', '6505', '3141', '1229', '6284', '9904', '6203', '2342', '6279']"
2020-11-13,VolumeWithMACD_EMA67_23_VOL5,"['2915', '3092', '1210']"
2020-11-13,VolumeWithMACD_EMA67_23_VOL5_67,"['2915', '3092']"
2020-11-13,VolumeWithMACD_EMA67_23_VOL67,"['2723', '2915', '8406', '8446', '2467', '6150', '2727', '3092', '3388', '1736', '2428', '6505', '3141', '6284', '9904', '6279']"
2020-11-17,TOWERWithMACD,"['2331', '6290', '2374', '2377', '3152', '6547', '3321', '1815', '4543', '4557', '2734', '8426', '6426', '4976', '4128', '6527', '6432', '3363', '6625', '3164', '1608', '5009', '6288', '2368', '8436', '3176', '6612', '3520', '2704', '2431', '2838A', '6198', '2009', '2006', '2367', '1529']"
2020-11-17,TOWERWithMACD_EMA23,"['2331', '2374', '3152', '2734', '6426', '4976', '2431', '6198', '2009', '2006']"
2020-11-17,TOWERWithMACD_EMA67,"['2331', '2374', '3152', '2734', '4976', '1608', '6288', '2431', '2009', '2006']"
2020-11-17,TOWERWithMACD_EMA67_23,"['2431', '4976', '2006', '3152', '2009', '2331', '2734', '2374']"
2020-11-17,VolumeWithMACD,"['6508', '4979', '3363', '2425', '6588', '6290', '6175', '6124', '3479', '1569', '5312', '4142', '5439', '8046', '6426', '8931', '2448', '5483', '2392', '3698', '3092', '5220', '8934', '6469', '6451', '5289', '2441', '6612', '00758B', '2377', '3622', '3437']"
2020-11-17,VolumeWithMACD_EMA67_23,"['2425', '6175', '1569', '5439', '8046', '8931', '2392', '3092', '8934', '6451', '3622', '3437']"
2020-11-17,VolumeWithMACD_EMA67_23_VOL5,"['6175', '1569', '5439', '8046', '2392', '8934', '6451', '3622', '3437']"
2020-11-17,VolumeWithMACD_EMA67_23_VOL5_67,"['3437', '2392', '6175', '8934', '6451', '1569', '3622', '5439']"
2020-11-17,VolumeWithMACD_EMA67_23_VOL67,"['2425', '6175', '1569', '5439', '8931', '2392', '3092', '8934', '6451', '3622', '3437']"
2020-11-18,TOWERWithMACD,"['2038', '3221', '4174', '6179', '4803', '4171', '4130', '8054', '3550', '3059', '3323', '3491', '3114', '1525', '2613', '4147', '6229', '4162', '1312', '4438', '2881B', '2033', '3494', '2355', '6569', '2425', '4714', '4192', '6416', '2349', '1784', '6446', '6462', '6180', '6140', '2606', '3118', '6556', '2439', '6251', '6461', '6598', '6209', '00787B', '4755', '5464', '8093']"
2020-11-18,TOWERWithMACD_EMA23,"['2038', '3114', '1525', '2613', '1312', '2033', '2425', '2349', '2606', '4755', '5464']"
2020-11-18,TOWERWithMACD_EMA67,"['2038', '3059', '3323', '1525', '2613', '6229', '1312', '2033', '2355', '2425', '2349', '2606', '4755', '5464']"
2020-11-18,TOWERWithMACD_EMA67_23,"['1525', '2033', '1312', '2425', '2038', '2613', '4755', '5464', '2606', '2349']"
2020-11-18,VolumeWithMACD,"['4114', '3622', '2439', '2497', '6292', '1777', '3221', '5278', '4147', '4972', '0050', '6229', '1597', '2754', '8088', '3455', '6462', '4130', '6213', '6508', '3557', '6209', '9933', '00787B', '6104', '6180', '6516', '3546', '3666', '2425', '2606', '5230', '3491', '4961', '5386', '6426', '2206', '3356', '2328', '2727', '2723', '2732', '4946', '4721', '3609', '6276', '2436']"
2020-11-18,VolumeWithMACD_EMA67_23,"['3622', '2497', '6292', '5278', '0050', '8088', '3455', '6213', '3557', '9933', '6104', '3666', '2425', '2606', '5230', '4961', '2206', '3356', '2328', '2727', '2723', '2732', '4946', '3609', '6276', '2436']"
2020-11-18,VolumeWithMACD_EMA67_23_VOL5,"['3622', '6292', '5278', '0050', '8088', '6213', '3557', '6104', '2425', '2606', '5230', '4961', '2206', '3356', '2328', '2727', '2723', '2732', '4946', '3609', '6276']"
2020-11-18,VolumeWithMACD_EMA67_23_VOL5_67,"['6213', '2723', '2732', '6276', '5278', '3557', '2206', '5230', '8088', '3356', '3622', '2425', '4946', '0050', '2328', '2727', '2606']"
2020-11-18,VolumeWithMACD_EMA67_23_VOL67,"['3622', '2497', '5278', '0050', '8088', '6213', '3557', '3666', '2425', '2606', '5230', '2206', '3356', '2328', '2727', '2723', '2732', '4946', '6276']"
2020-11-19,TOWERWithMACD,"['3481', '3653', '4142', '8928', '5355', '00669R', '5285', '9105', '911608', '2417', '6690', '1752', '00674R', '912000', '9110', '6188', '3205', '3060', '4133', '8478', '5474', '6126', '3533', '4141', '1526', '6283', '3078', '6649', '4726', '2457', '6492', '912398', '4510', '3669', '5302', '1519', '6154', '3041', '1539', '911622', '5258', '6443', '00648R']"
2020-11-19,TOWERWithMACD_EMA23,"['5285', '00674R', '6188', '3078', '2457', '3041']"
2020-11-19,TOWERWithMACD_EMA67,"['5285', '00674R', '6188', '8478', '1526', '6283', '3078', '2457', '6492', '4510', '1519', '3041', '6443']"
2020-11-19,TOWERWithMACD_EMA67_23,"['00674R', '6188', '5285', '2457', '3078', '3041']"
2020-11-19,VolumeWithMACD,"['4129', '4142', '4927', '5220', '2328', '3594', '3679', '2377', '00793B', '6150', '4991', '6180', '3704', '3380', '8437', '3010', '3455', '3205', '2376', '3441', '6462', '2338', '3259', '3437', '6612', '8931', '1796', '3363', '6576', '4139', '00788B', '8027', '6229', '5386', '3557', '1589', '3537', '4961', '1777']"
2020-11-19,VolumeWithMACD_EMA67_23,"['4129', '2328', '3679', '6150', '3380', '8437', '3010', '3455', '6462', '2338', '3259', '3437', '8931', '8027', '5386', '3557', '4961']"
2020-11-19,VolumeWithMACD_EMA67_23_VOL5,"['4129', '2328', '3679', '3380', '3010', '3455', '6462', '8931', '8027', '5386', '3557', '4961']"
2020-11-19,VolumeWithMACD_EMA67_23_VOL5_67,"['3455', '6462', '4129', '5386', '8931', '3380', '4961', '2328', '3557', '3010', '8027', '3679']"
2020-11-19,VolumeWithMACD_EMA67_23_VOL67,"['4129', '2328', '3679', '6150', '3380', '3010', '3455', '6462', '2338', '3259', '8931', '8027', '5386', '3557', '4961']"
2020-11-20,TOWERWithMACD,"['6418', '3588', '2007', '6594', '6197', '4533', '6118', '4161', '6570', '8072', '3522', '3532', '6233', '6237', '3236', '2024', '3293', '3094', '2402', '4609', '6538', '6243', '2478', '5701', '4919', '2363', '4760', '5344', '8489', '3006', '4967', '4712', '3682', '6111', '3687', '6171']"
2020-11-20,TOWERWithMACD_EMA23,"['3588', '3522', '3532', '6233', '2024', '2478', '4760', '3006']"
2020-11-20,TOWERWithMACD_EMA67,"['3588', '2007', '3532', '6233', '6237', '3236', '2024', '3094', '2402', '2478', '4760', '3006', '3682']"
2020-11-20,TOWERWithMACD_EMA67_23,"['6233', '2478', '4760', '2024', '3588', '3532', '3006']"
2020-11-20,VolumeWithMACD,"['3014', '4972', '5289', '00751B', '3088', '6485', '3546', '6231', '3363', '8424', '2484', '00720B', '3588', '3666', '3479', '3530', '2451', '3221', '6220', '3622', '3491', '6552', '2376', '6180', '4728', '5386', '4919', '2105', '4979', '3455', '6568', '3594', '6469', '4938', '2498', '4933', '6155', '3259', '5490', '8069', '2337', '00786B', '00772B', '3707', '00754B', '3527', '3704', '3687', '4161']"
2020-11-20,VolumeWithMACD_EMA67_23,"['3014', '4972', '5289', '00751B', '6485', '3546', '3363', '00720B', '3588', '3666', '3479', '3530', '2451', '6220', '6552', '6180', '5386', '2105', '4979', '3455', '3594', '4938', '2498', '4933', '6155', '3259', '8069', '2337', '3707', '3704']"
2020-11-20,VolumeWithMACD_EMA67_23_VOL5,"['3014', '6485', '3546', '3363', '3588', '3666', '3530', '2451', '6220', '6552', '6180', '5386', '2105', '3455', '3594', '2498', '4933', '6155', '3259', '8069', '3707', '3704']"
2020-11-20,VolumeWithMACD_EMA67_23_VOL5_67,"['6155', '2105', '3259', '8069', '3455', '3594', '3588', '3666', '3530', '6485', '2451', '3546', '3707', '6552', '6180', '3363', '5386', '2498', '4933']"
2020-11-20,VolumeWithMACD_EMA67_23_VOL67,"['4972', '00751B', '6485', '3546', '3363', '00720B', '3588', '3666', '3479', '3530', '2451', '6552', '6180', '5386', '2105', '3455', '3594', '4938', '2498', '4933', '6155', '3259', '8069', '2337', '3707']"
2020-11-20,TOWERWithMACD,"['3682', '4161', '6538', '3236', '3687', '2007', '4967', '6594', '6243', '6570', '6171', '4609', '3522', '4760', '6111', '6418', '2478', '5344', '3532', '6233', '3293', '3094', '3006', '2402', '6118', '4919', '4712', '5701', '3588', '4533', '6237', '2024', '2363', '8072', '6197', '8489']"
2020-11-20,TOWERWithMACD_EMA23,"['3522', '4760', '2478', '3532', '6233', '3006', '3588', '2024']"
2020-11-20,TOWERWithMACD_EMA67,"['3682', '3236', '2007', '4760', '2478', '3532', '6233', '3094', '3006', '2402', '3588', '6237', '2024']"
2020-11-20,TOWERWithMACD_EMA67_23,"['6233', '2024', '2478', '3532', '3006', '4760', '3588']"
2020-11-20,VolumeWithMACD,"['4173', '6188', '8086', '4142', '6703', '2367', '3557', '2337', '2377', '00786B', '6612', '3594', '3444', '3437', '3479', '2603', '3622', '4167', '4580', '6588', '6426', '4979', '6155', '5220', '3527', '4973', '3176', '8931', '2615', '5289', '6592', '2368', '8109', '5011', '3698', '6204', '8069', '6469', '6508', '00722B', '6290', '4157', '6570', '2448', '3363']"
2020-11-20,VolumeWithMACD_EMA67_23,"['8086', '6703', '2337', '3594', '3479', '2603', '6426', '4979', '6155', '8931', '5289', '2368', '5011', '8069', '3363']"
2020-11-20,VolumeWithMACD_EMA67_23_VOL5,"['3594', '6155', '5011', '8069', '3363']"
2020-11-20,VolumeWithMACD_EMA67_23_VOL5_67,"['6155', '5011', '8069', '3594', '3363']"
2020-11-20,VolumeWithMACD_EMA67_23_VOL67,"['8086', '2337', '3594', '3479', '6426', '6155', '5011', '8069', '3363']"
2020-11-24,TOWERWithMACD,"['8109', '4943', '4924', '6592', '4934', '3044', '6573', '3521', '3576', '1524', '3018', '5321', '3512', '6679', '2406', '4126', '6506', '00757', '3346', '1444']"
2020-11-24,TOWERWithMACD_EMA23,"['4943', '6592', '3044', '1524', '00757']"
2020-11-24,TOWERWithMACD_EMA67,"['6592', '3044', '3576', '1524', '2406', '00757', '3346']"
2020-11-24,TOWERWithMACD_EMA67_23,"['00757', '6592', '1524', '3044']"
2020-11-24,VolumeWithMACD,"['00746B', '6285', '6470', '6432', '3537', '3630', '8109', '2332', '8431', '00789B', '2478', '00784B', '4139', '6205', '8043', '3088', '00741B', '8931', '6155', '6207', '3016', '3707', '3236', '2314', '6465', '5386', '2368', '4946', '6175', '4580', '6461', '00761B', '6592', '2031']"
2020-11-24,VolumeWithMACD_EMA67_23,"['6285', '6470', '3630', '2332', '8431', '2478', '4139', '6205', '8043', '8931', '6207', '3707', '3236', '2368', '6175', '00761B', '6592', '2031']"
2020-11-24,VolumeWithMACD_EMA67_23_VOL5,"['6285', '6470', '3630', '2332', '8431', '2478', '6205', '8043', '6207', '3707', '3236', '2368', '6175', '00761B', '2031']"
2020-11-24,VolumeWithMACD_EMA67_23_VOL5_67,"['6285', '3630', '6205', '6207', '6470', '2478', '3707', '2368', '6175', '00761B', '8043', '2031', '2332', '8431', '3236']"
2020-11-24,VolumeWithMACD_EMA67_23_VOL67,"['6285', '6470', '3630', '2332', '8431', '2478', '6205', '8043', '8931', '6207', '3707', '3236', '2368', '6175', '00761B', '6592', '2031']"
2020-11-25,TOWERWithMACD,"['3219', '5512', '1464', '2719', '2520', '4721', '8473', '4729', '2013', '6496', '4162', '2537', '6477', '1589', '1475', '4931', '2413', '3646', '2008', '3217', '8440', '2630', '2491']"
2020-11-25,TOWERWithMACD_EMA23,"['5512', '4721', '2013', '6477', '1589', '4931', '2413']"
2020-11-25,TOWERWithMACD_EMA67,"['3219', '5512', '2013', '6477', '1589', '1475', '2413', '3646', '2008', '2491']"
2020-11-25,TOWERWithMACD_EMA67_23,"['2013', '6477', '1589', '2413', '5512']"
2020-11-25,VolumeWithMACD,"['4745', '6568', '3217', '4139', '2013', '1201', '2388', '8431', '6209', '6171', '3059', '4760', '2498', '2603', '6465', '5530', '1784', '4175', '3086', '3537', '6147', '4162', '4933', '6127', '2002', '2606', '3025', '6288', '4721']"
2020-11-25,VolumeWithMACD_EMA67_23,"['4139', '2013', '1201', '2388', '6209', '2498', '2603', '4175', '3537', '4933', '2002', '2606', '3025']"
2020-11-25,VolumeWithMACD_EMA67_23_VOL5,"['4139', '2013', '1201', '2388', '6209', '4175', '3537', '2002', '2606']"
2020-11-25,VolumeWithMACD_EMA67_23_VOL5_67,"['4139', '6209', '2606', '2013', '4175', '3537', '2388', '1201', '2002']"
2020-11-25,VolumeWithMACD_EMA67_23_VOL67,"['4139', '2013', '1201', '2388', '6209', '2498', '2603', '4175', '3537', '4933', '2002', '2606', '3025']"
2020-11-26,DayTrade_by_Queen,"['1568', '2009', '2388', '2506', '2617', '3037', '3050', '3189', '3228', '3288', '3518', '3521', '3625', '3630', '4931', '5245', '5468', '5531', '6485', '6560', '8046', '8089']"
2020-11-26,TOWERWithMACD,"['3489', '5538', '2358', '2070', '1909', '2460', '1108', '4541', '6456', '4907', '3379', '8121', '8222', '3492', '00654R']"
2020-11-26,TOWERWithMACD_EMA23,"['1909', '2460', '4907', '8222', '3492']"
2020-11-26,TOWERWithMACD_EMA67,"['1909', '2460', '1108', '4907', '3379', '8121', '8222']"
2020-11-26,TOWERWithMACD_EMA67_23,"['2460', '1909', '8222', '4907']"
2020-11-26,VolumeWithMACD,"['5388', '3083', '6205', '3630', '3645', '3317', '5522', '4580', '2314', '5356', '3217', '6182', '5245', '6456', '2388', '3518', '6547', '4931', '4907', '3615', '6197', '2413', '3037', '8089', '8415', '4721']"
2020-11-26,VolumeWithMACD_EMA67_23,"['5388', '3083', '3630', '3645', '5522', '5356', '3217', '6182', '5245', '2388', '3518', '4907', '2413', '3037', '8089', '8415']"
2020-11-26,VolumeWithMACD_EMA67_23_VOL5,"['5388', '3630', '3645', '5522', '3217', '5245', '2388', '3518', '4907', '2413', '3037', '8089', '8415']"
2020-11-26,VolumeWithMACD_EMA67_23_VOL5_67,"['3217', '5388', '3630', '3518', '8415', '5245', '2388', '2413', '3037', '5522', '4907']"
2020-11-26,VolumeWithMACD_EMA67_23_VOL67,"['5388', '3083', '3630', '5522', '5356', '3217', '6182', '5245', '2388', '3518', '4907', '2413', '3037', '8415']"
2020-11-27,DayTrade_by_Queen,"['1568', '2538', '2547', '5301', '5432', '5468']"
2020-11-27,TOWERWithMACD,"['1532', '2740', '4552', '3432', '3673', '5521', '6116', '8454', '2365', '8033', '3564', '4128', '8374', '5432', '4113', '5529', '5488', '2530', '3046', '1526', '3290', '8087', '4562', '6248', '6128', '3465', '5381', '2371', '8289', '6224', '6165', '1504', '6158']"
2020-11-27,TOWERWithMACD_EMA23,"['2740', '6116', '2365', '8374', '5432', '3046', '3290', '4562', '3465', '5381', '6158']"
2020-11-27,TOWERWithMACD_EMA67,"['1532', '2740', '5521', '6116', '2365', '8033', '8374', '5432', '5529', '5488', '1526', '3290', '3465', '5381', '2371', '6224', '1504', '6158']"
2020-11-27,TOWERWithMACD_EMA67_23,"['2740', '2365', '6158', '5381', '3290', '3465', '5432', '6116', '8374']"
2020-11-27,VolumeWithMACD,"['3537', '2104', '6288', '8089', '5356', '3707', '3615', '8046', '3163', '00864B', '1568', '2498', '3535', '00784B', '3325', '2520', '4721', '2606', '4933', '2303', '1784', '2449', '2458', '1513', '8261', '4803', '1717', '4943', '6209', '00694B', '5388', '2596', '2006', '5392', '00719B', '3630', '00860B', '2615', '4126', '8048', '3564', '4722', '3217', '2421', '2221', '3228', '3025', '3189', '00879B', '3211', '6560', '3693', '2603', '6171', '6485', '8043', '6182', '5432', '6205', '2505', '4152', '6177', '4580', '4171', '8112', '3213', '6233', '4931', '5223', '8415', '6465', '4726', '4162', '6282', '8038', '2332', '6269', '00791B', '8284', '00872B', '2314', '3362', '8472', '3089', '2353', '00734B', '3689', '6456', '3441', '6279', '6470', '3037', '6446', '6170', '5245', '3518', '2441', '6186', '00849B', '8410', '00846B', '4907', '00741B', '3490', '2031', '4961', '00727B', '6461', '2388']"
2020-11-27,VolumeWithMACD_EMA67_23,"['8046', '1568', '3535', '2606', '4933', '2449', '1513', '4943', '2596', '2006', '3630', '2615', '8048', '4722', '3025', '3211', '2603', '8043', '6182', '5432', '2505', '6177', '8112', '3213', '6233', '4931', '6465', '6282', '2332', '8284', '2314', '3362', '8472', '3689', '3441', '6279', '6470', '3518', '2441', '6186', '4907', '3490', '4961']"
2020-11-27,VolumeWithMACD_EMA67_23_VOL5,"['8046', '1568', '3535', '2606', '4933', '2449', '1513', '4943', '2596', '2006', '3630', '2615', '8048', '4722', '3025', '3211', '2603', '8043', '6182', '5432', '2505', '6177', '8112', '3213', '6233', '4931', '6465', '6282', '2332', '8284', '2314', '3362', '8472', '3689', '3441', '6279', '6470', '3518', '2441', '6186', '4907', '3490', '4961']"
2020-11-27,VolumeWithMACD_EMA67_23_VOL5_67,"['2006', '8112', '8046', '6182', '4933', '2606', '2441', '6186', '3213', '2314', '5432', '3362', '4961', '2332', '2615', '3441', '6233', '2449', '6279', '2505', '8472', '6470', '1568', '3535', '4931', '3025', '3518', '6282', '6177', '4907', '8048', '8284', '4943', '3630', '3211', '4722', '2603', '8043', '1513', '6465', '3689', '3490', '2596']"
2020-11-27,VolumeWithMACD_EMA67_23_VOL67,"['8046', '1568', '3535', '2606', '4933', '2449', '1513', '4943', '2596', '2006', '3630', '2615', '8048', '4722', '3025', '3211', '2603', '8043', '6182', '5432', '2505', '6177', '8112', '3213', '6233', '4931', '6465', '6282', '2332', '8284', '2314', '3362', '8472', '3689', '3441', '6279', '6470', '3518', '2441', '6186', '4907', '3490', '4961']"
2020-11-30,DayTrade_by_Queen,"['1618', '2515', '2913', '3710', '5701', '5905', '6275', '8105', '9902']"
2020-11-30,TOWERWithMACD,"['00679B', '8908', '00697B', '3450', '6269', '9939', '1319', '3191', '9103', '6134', '8401', '8067', '2867', '4109', '4904', '1711', '00686R', '6577', '4106', '1805', '00779B', '4414', '6163', '6446', '4550', '6499', '00669R', '8147', '3303', '00677U', '2102', '6136', '1460', '1789', '4513', '4529', '2421', '4728', '1586', '2888B', '5704', '00641R', '4763']"
2020-11-30,TOWERWithMACD_EMA23,"['8908', '3450', '6269', '9939', '1319', '8401', '4109', '1711', '6163', '3303', '6136', '4529', '4728']"
2020-11-30,TOWERWithMACD_EMA67,"['8908', '3450', '9939', '1319', '6134', '4109', '1711', '4513', '4529', '4728', '5704']"
2020-11-30,TOWERWithMACD_EMA67_23,"['3450', '1319', '4109', '4728', '8908', '9939', '4529', '1711']"
2020-11-30,VolumeWithMACD,"['6456', '4152', '3673', '8028', '6283', '2388', '3707', '2106', '00697B', '3441', '4961', '8390', '3522', '4580', '2031', '2104', '3071', '2221', '6269', '2006', '5522', '3512', '00849B', '00694B', '1519', '00872B', '3114', '2034', '1568', '2449', '8349', '6237', '4904', '3089', '6176', '2354', '5245', '3228', '00791B', '2353', '2314', '4931', '00719B', '8424', '5439', '5392', '3206', '2498', '5483', '6470', '6158', '6165', '4943', '3615', '3213', '2615', '3689', '6182', '4803', '6446', '2413', '8489', '00695B', '4934', '5321', '2520', '2303', '3078', '3037', '6282', '3163', '6465', '4126', '2027', '6177', '3217', '3362', '2351', '1513', '1784', '4952', '6111', '6275', '2421', '4528', '5432', '00784B', '6186', '4561', '8112', '2355', '3025', '4919', '3323', '6592', '4728', '2406', '8942', '4721', '4726', '8410', '4907', '2501', '6642', '6477', '00727B', '2013', '00846B', '6548', '3535', '8415', '6279', '2441', '4171', '00860B', '3580', '5383', '2347', '00741B', '4162', '3044', '5490', '3490', '2313', '4933', '00864B', '3526', '1309', '2596', '00734B', '2332', '3712', '8046', '3189', '6216']"
2020-11-30,VolumeWithMACD_EMA67_23,"['8028', '2106', '8390', '2104', '3071', '2221', '5522', '3114', '2034', '2449', '3089', '5245', '3228', '2314', '8424', '5439', '2498', '5483', '6470', '6158', '3213', '2615', '6182', '2413', '2520', '2303', '2027', '6177', '2351', '1513', '6275', '4561', '3025', '4728', '8942', '4907', '2501', '6642', '6548', '3580', '1309', '2596', '00734B', '2332', '8046', '6216']"
2020-11-30,VolumeWithMACD_EMA67_23_VOL5,"['8028', '2106', '8390', '2104', '3071', '2221', '5522', '3114', '2034', '2449', '3089', '5245', '3228', '2314', '8424', '5439', '2498', '5483', '6470', '6158', '3213', '2615', '6182', '2413', '2520', '2303', '2027', '6177', '2351', '1513', '6275', '4561', '3025', '4728', '8942', '4907', '2501', '6642', '6548', '3580', '1309', '2596', '00734B', '2332', '8046', '6216']"
2020-11-30,VolumeWithMACD_EMA67_23_VOL5_67,"['6642', '5483', '6470', '2413', '1513', '8028', '2332', '5245', '3228', '2615', '6158', '2104', '3071', '2449', '3580', '8046', '4728', '2027', '2314', '2221', '6548', '3089', '2106', '8942', '6275', '8424', '6177', '6182', '3114', '6216', '8390', '2520', '4907', '5439', '1309', '4561', '3213', '2303', '2596', '5522', '2034', '2498', '2501', '3025', '2351', '00734B']"
2020-11-30,VolumeWithMACD_EMA67_23_VOL67,"['8028', '2106', '8390', '2104', '3071', '2221', '5522', '3114', '2034', '2449', '3089', '5245', '3228', '2314', '8424', '5439', '2498', '5483', '6470', '6158', '3213', '2615', '6182', '2413', '2520', '2303', '2027', '6177', '2351', '1513', '6275', '4561', '3025', '4728', '8942', '4907', '2501', '6642', '6548', '3580', '1309', '2596', '00734B', '2332', '8046', '6216']"
2020-12-01,DayTrade_by_Queen,"['1584', '1809', '2409', '2457', '3481', '3543', '4967', '6142', '8034', '8277']"
2020-12-01,TOWERWithMACD,"['2719', '8034', '3322', '7402', '4116', '6287', '4532', '5902', '4716', '3313', '6156', '8937', '9955']"
2020-12-01,TOWERWithMACD_EMA23,"['3322', '4532', '5902', '3313', '8937', '9955']"
2020-12-01,TOWERWithMACD_EMA67,"['3322', '4532', '5902', '4716', '8937', '9955']"
2020-12-01,TOWERWithMACD_EMA67_23,"['3322', '4532', '5902', '8937', '9955']"
2020-12-01,VolumeWithMACD,"['8349', '00845B', '00860B', '8424', '8942', '6126', '00780B', '00655L', '00696B', '8415', '2520', '3522', '00694B', '00719B', '2354', '3441', '00695B', '4152', '2332', '00872B', '5383', '6548', '6494', '6589', '6283', '00637L', '6176', '00846B', '6111', '1513', '3294', '3490', '2337', '8099', '00849B', '2596', '6158', '00727B', '00832B', '3289', '8046', '3580', '3226', '2351', '5321', '3702', '3303', '2754', '5392', '6165', '3689', '1586', '3666', '1609', '00697B', '4116', '00795B', '6023', '6278', '3543', '3144', '1519', '3042', '6263', '5263', '2413', '3025', '5351', '1784', '00741B', '3114', '4162', '00679B', '00791B', '6269', '4976', '00864B', '6446', '2353', '8068', '8240', '2415', '6275', '4967', '8044', '5245', '3511', '2027', '4728', '3217', '2206', '3228', '2006', '4726', '4171', '4907', '5483', '2388', '2314', '3206', '3071', '5457', '2063', '2486', '2449', '2034', '3526', '2421', '8028', '3224', '4126', '3581', '2106', '3078', '3089', '9103', '2342', '2392', '00779B', '3673', '6182', '8390', '8070', '6237', '4931', '2303', '6465', '6456', '00633L', '2417', '6186', '3356', '4128', '1568', '00784B', '9955']"
2020-12-01,VolumeWithMACD_EMA67_23,"['8349', '00845B', '8424', '00655L', '3441', '2332', '6283', '00637L', '3294', '3490', '2337', '3226', '3689', '6278', '3543', '1519', '3042', '3025', '5351', '4976', '5245', '3228', '2006', '2388', '2314', '3206', '3581', '2392', '6237', '4931', '2303', '6465', '00633L', '6186', '3356', '9955']"
2020-12-01,VolumeWithMACD_EMA67_23_VOL5,"['8349', '00845B', '8424', '00655L', '3441', '2332', '6283', '00637L', '3294', '3490', '2337', '3226', '3689', '6278', '3543', '1519', '3042', '3025', '5351', '4976', '5245', '3228', '2006', '2388', '2314', '3206', '3581', '2392', '6237', '4931', '2303', '6465', '00633L', '6186', '3356', '9955']"
2020-12-01,VolumeWithMACD_EMA67_23_VOL5_67,"['3356', '3025', '8349', '2332', '6237', '4931', '5351', '00845B', '2303', '8424', '6283', '00637L', '2388', '6465', '2314', '6278', '3226', '3581', '3689', '3543', '00633L', '1519', '3294', '3490', '3042', '3228', '2006', '2337', '9955', '4976', '2392', '00655L', '3206', '6186', '3441', '5245']"
2020-12-01,VolumeWithMACD_EMA67_23_VOL67,"['8349', '00845B', '8424', '00655L', '3441', '2332', '6283', '00637L', '3294', '3490', '2337', '3226', '3689', '6278', '3543', '1519', '3042', '3025', '5351', '4976', '5245', '3228', '2006', '2388', '2314', '3206', '3581', '2392', '6237', '4931', '2303', '6465', '00633L', '6186', '3356', '9955']"
2020-12-02,DayTrade_by_Queen,"['1784', '2329', '4530', '4540', '4967', '5457', '8033', '8240', '8277']"
2020-12-02,TOWERWithMACD,"['6164', '6228', '1813', '4198', '6278', '1742', '5457', '00673R', '6130', '5015', '2385', '6247', '2393', '8416', '6472', '4956', '2926', '8083', '1235']"
2020-12-02,TOWERWithMACD_EMA23,"['6164', '6228', '1813', '6278', '2385', '8416', '6472', '4956', '8083', '1235']"
2020-12-02,TOWERWithMACD_EMA67,"['6164', '6228', '6278', '5457', '2385', '6247', '8416', '6472', '4956', '8083', '1235']"
2020-12-02,TOWERWithMACD_EMA67_23,"['6228', '4956', '6278', '8083', '1235', '6472', '2385', '8416', '6164']"
2020-12-02,VolumeWithMACD,"['4152', '3285', '6182', '8028', '8044', '3303', '6535', '3666', '8070', '2353', '4163', '6221', '2823', '2392', '6023', '00636', '6186', '2439', '2102', '2027', '5469', '8255', '2314', '6616', '8424', '6494', '6278', '6158', '5457', '4953', '2065', '3564', '00655L', '3511', '5383', '3089', '00637L', '3545', '2371', '8415', '3206', '2337', '8240', '5471', '00791B', '3704', '6613', '6176', '3673', '6548', '00868B', '4763', '1752', '8049', '3522', '1599', '3289', '5392', '1519', '5483', '3015', '3228', '00849B', '5351', '1586', '9103', '8068', '3042', '00747B', '3226', '00741B', '6126', '3512', '3484', '6271', '4162', '6456', '8390', '5522', '6269', '3581', '4958', '6446', '4561', '1456', '4171', '6263', '00719B', '3025', '3078', '3144', '1784', '6292', '2332', '00633L', '2596', '4540', '6275', '4116', '2206', '6589', '3689', '3217', '4950', '5704', '3294', '1597', '4550', '4967', '3587']"
2020-12-02,VolumeWithMACD_EMA67_23,"['8028', '3666', '00636', '6186', '2102', '6616', '8424', '6494', '6278', '4953', '3089', '2371', '3206', '2337', '8240', '5471', '3704', '6548', '3522', '5483', '3228', '3226', '6126', '3512', '5522', '3581', '4561', '1456', '6263', '6292', '2332', '2596', '4540', '6275', '4116', '2206', '5704', '3294', '4550', '4967']"
2020-12-02,VolumeWithMACD_EMA67_23_VOL5,"['8028', '3666', '00636', '6186', '2102', '6616', '8424', '6494', '6278', '4953', '3089', '2371', '3206', '2337', '8240', '5471', '3704', '6548', '3522', '5483', '3228', '3226', '6126', '3512', '5522', '3581', '4561', '1456', '6263', '6292', '2332', '2596', '4540', '6275', '4116', '2206', '5704', '3294', '4550', '4967']"
2020-12-02,VolumeWithMACD_EMA67_23_VOL5_67,"['8240', '3581', '5471', '4540', '3294', '2102', '3522', '6126', '3704', '6263', '4953', '2371', '6275', '4561', '1456', '6548', '3512', '3206', '4116', '4550', '3666', '6292', '00636', '2596', '8028', '5483', '6616', '8424', '3226', '6186', '2332', '6494', '5522', '2337', '6278', '2206', '5704', '4967', '3228', '3089']"
2020-12-02,VolumeWithMACD_EMA67_23_VOL67,"['8028', '3666', '00636', '6186', '2102', '6616', '8424', '6494', '6278', '4953', '3089', '2371', '3206', '2337', '8240', '5471', '3704', '6548', '3522', '5483', '3228', '3226', '6126', '3512', '5522', '3581', '4561', '1456', '6263', '6292', '2332', '2596', '4540', '6275', '4116', '2206', '5704', '3294', '4550', '4967']"
2020-12-03,DayTrade_by_Queen,"['3294', '3313', '3581', '6182', '8277']"
2020-12-03,TOWERWithMACD,"['6416', '1591', '2331', '3163', '4702']"
2020-12-03,TOWERWithMACD_EMA23,"['1591', '2331', '4702']"
2020-12-03,TOWERWithMACD_EMA67,"['1591', '2331', '4702']"
2020-12-03,TOWERWithMACD_EMA67_23,"['2331', '1591', '4702']"
2020-12-03,VolumeWithMACD,"['8403', '1784', '6023', '3226', '5471', '1560', '6126', '2464', '4102', '6461', '8240', '5457', '8163', '8028', '6269', '2392', '3689', '3294', '6494', '8415', '2344', '6158', '6446', '4973', '6140', '5371', '5508', '5483', '3078', '2102', '2337', '6263', '6143', '1586', '00838B', '4760', '4116', '8931', '6616', '3704', '1614', '2332', '6589', '4958', '8049', '3450', '00791B', '3564', '5522', '3260', '4945', '3581', '3303', '4967', '6239', '4561', '2408', '3285', '5289', '3511', '2353', '8215', '6182', '6292', '2027', '8390', '4953', '6278', '3673', '6191', '00741B', '3206', '3289', '2371', '8044', '2439', '8271', '3144', '8088']"
2020-12-03,VolumeWithMACD_EMA67_23,"['1560', '6126', '2464', '8163', '2392', '3689', '3294', '6494', '8415', '5371', '5508', '5483', '3078', '2102', '6143', '8931', '3704', '1614', '3450', '5522', '3581', '6182', '6292', '2027', '4953', '6191', '2371', '8088']"
2020-12-03,VolumeWithMACD_EMA67_23_VOL5,"['1560', '6126', '2464', '8163', '2392', '3689', '3294', '6494', '8415', '5371', '5508', '5483', '3078', '2102', '6143', '8931', '3704', '1614', '3450', '5522', '3581', '6182', '6292', '2027', '4953', '6191', '2371', '8088']"
2020-12-03,VolumeWithMACD_EMA67_23_VOL5_67,"['1614', '8415', '2027', '4953', '5522', '8931', '6191', '6143', '2392', '6182', '3450', '3689', '3078', '2102', '6292', '5371', '8163', '5508', '1560', '2371', '3294', '3581', '6126', '3704', '2464', '8088', '6494', '5483']"
2020-12-03,VolumeWithMACD_EMA67_23_VOL67,"['1560', '6126', '2464', '8163', '2392', '3689', '3294', '6494', '8415', '5371', '5508', '5483', '3078', '2102', '6143', '8931', '3704', '1614', '3450', '5522', '3581', '6182', '6292', '2027', '4953', '6191', '2371', '8088']"
2020-12-04,DayTrade_by_Queen,"['2352', '2489', '3059', '3297', '6168', '8097']"
2020-12-04,TOWERWithMACD,"['3178', '3043', '1410', '2908', '3059', '00850', '4506', '2601', '1341', '3272', '3675', '5516', '8047', '2429', '3171']"
2020-12-04,TOWERWithMACD_EMA23,"['3178', '3059', '00850', '2601', '1341', '3675', '2429']"
2020-12-04,TOWERWithMACD_EMA67,"['2908', '3059', '00850', '1341', '3675', '8047', '2429']"
2020-12-04,TOWERWithMACD_EMA67_23,"['3059', '00850', '2429', '3675', '1341']"
2020-12-04,VolumeWithMACD,"['8240', '3178', '3303', '8088', '4961', '2027', '3704', '4919', '3583', '3260', '8163', '6126', '8403', '2448', '1514', '2356', '8234', '4760', '6472', '8150', '5264', '8091', '8476', '2474', '2451', '3508', '2353', '5220', '3673', '6589', '8215', '4971', '5356', '3294', '4561', '2464', '6023', '6446', '2344', '5371', '5483', '6182', '4107', '3059', '6278', '3698', '8931', '6499', '2332', '3581', '2371', '8044', '2408', '2419', '3450', '8390', '2301', '6294', '2337', '2102', '8028', '3570', '2436', '6591', '6191', '3144', '4953', '8415', '2352', '6239', '4116', '5289', '5508', '6494', '6195', '6143', '5471', '1614', '6486', '1526', '4967', '3078']"
2020-12-04,VolumeWithMACD_EMA67_23,"['8240', '4961', '2027', '4919', '3583', '8163', '2448', '2356', '4760', '8150', '5264', '2474', '2451', '3508', '8215', '5356', '2464', '2344', '5371', '5483', '6182', '4107', '3059', '6278', '3698', '8931', '2332', '2408', '2419', '3450', '6294', '2337', '8028', '2436', '6191', '8415', '2352', '6239', '4116', '5289', '5508', '6494', '6195', '6143', '1526', '4967']"
2020-12-04,VolumeWithMACD_EMA67_23_VOL5,"['8240', '4961', '2027', '4919', '3583', '8163', '2448', '2356', '4760', '8150', '5264', '2474', '2451', '3508', '8215', '5356', '2464', '2344', '5371', '5483', '6182', '4107', '3059', '6278', '3698', '8931', '2332', '2408', '2419', '3450', '6294', '2337', '8028', '2436', '6191', '8415', '2352', '6239', '4116', '5289', '5508', '6494', '6195', '6143', '1526', '4967']"
2020-12-04,VolumeWithMACD_EMA67_23_VOL5_67,"['4919', '3059', '8028', '3583', '8240', '2474', '3450', '8415', '8150', '8215', '5264', '2352', '6239', '8163', '2332', '2436', '4760', '6143', '6294', '2464', '2451', '3508', '2337', '2448', '4116', '5289', '4107', '5356', '6278', '1526', '2344', '6191', '4961', '5371', '5483', '3698', '2408', '4967', '5508', '2027', '2419', '6182', '2356', '6195', '6494', '8931']"
2020-12-04,VolumeWithMACD_EMA67_23_VOL67,"['8240', '4961', '2027', '4919', '3583', '8163', '2448', '2356', '4760', '8150', '5264', '2474', '2451', '3508', '8215', '5356', '2464', '2344', '5371', '5483', '6182', '4107', '3059', '6278', '3698', '8931', '2332', '2408', '2419', '3450', '6294', '2337', '8028', '2436', '6191', '8415', '2352', '6239', '4116', '5289', '5508', '6494', '6195', '6143', '1526', '4967']"
2020-12-07,DayTradeByRay,"['8085', '8111', '2312', '2401', '2409', '3122', '6116', '2610', '6016', '00632R', '6129', '6127', '1605', '2603', '5351', '3508', '2344', '6015', '6275', '8096', '5426', '3710', '1815', '5864', '2883', '6219', '5498', '1336', '2888', '3481', '6191', '8054', '6126', '2363', '2352']"
2020-12-07,DayTrade_by_Queen,"['2312', '4956', '6226', '8240']"
2020-12-07,TOWERWithMACD,"['2317', '1215', '2354', '6578', '3032', '6021', '3268', '4430', '4911', '8072', '6680', '6409']"
2020-12-07,TOWERWithMACD_EMA23,"['2317', '2354', '6578', '6021']"
2020-12-07,TOWERWithMACD_EMA67,"['2317', '2354', '6021', '3268']"
2020-12-07,TOWERWithMACD_EMA67_23,"['2354', '2317', '6021']"
2020-12-07,VolumeWithMACD,"['3260', '6294', '6446', '2344', '5508', '2393', '3303', '4956', '5264', '6191', '8403', '3581', '6472', '2436', '3646', '8163', '3583', '3373', '6023', '3673', '6195', '2448', '2332', '2451', '3059', '6239', '4967', '8091', '2408', '3698', '2474', '4919', '4961', '2439', '4561', '6499', '4760', '8150', '6494', '8044', '4167', '1591', '4116', '4971', '4107', '2027', '5371', '2419', '2303', '8155', '6716', '3558', '6182', '1536', '2363', '2352', '8234', '3272', '3711', '1560', '3508', '6143', '2337', '3178', '6486', '3564', '8415', '8240', '6114', '2356', '8215']"
2020-12-07,VolumeWithMACD_EMA67_23,"['2344', '4956', '6472', '8163', '2332', '3059', '8091', '4919', '4961', '2439', '4760', '6494', '4971', '2419', '2303', '2363', '3508', '3564', '8240', '2356']"
2020-12-07,VolumeWithMACD_EMA67_23_VOL5,"['2344', '4956', '6472', '8163', '2332', '3059', '8091', '4919', '4961', '2439', '4760', '6494', '4971', '2419', '2303', '2363', '3508', '3564', '8240', '2356']"
2020-12-07,VolumeWithMACD_EMA67_23_VOL5_67,"['3508', '2303', '2332', '4919', '4961', '8240', '3059', '4971', '2344', '2439', '8091', '2356', '8163', '2419', '2363', '4760', '3564', '4956', '6472', '6494']"
2020-12-07,VolumeWithMACD_EMA67_23_VOL67,"['2344', '4956', '6472', '8163', '2332', '3059', '8091', '4919', '4961', '2439', '4760', '6494', '4971', '2419', '2303', '2363', '3508', '3564', '8240', '2356']"
2020-12-08,DayTradeByRay,"['2312', '2610', '3522', '2641', '2323', '3508', '4939', '6016', '2609', '2363', '6219', '2603', '6229', '5351', '6114', '1815', '6156', '6175', '2515', '6129', '6207', '3122', '2409', '8064', '2344', '3481', '5603']"
2020-12-08,DayTrade_by_Queen,"['3527', '5202', '6114', '6235', '8234']"
2020-12-08,TOWERWithMACD,"['3529', '3536', '3611', '6418', '3498', '8432', '6217', '1512', '2230']"
2020-12-08,TOWERWithMACD_EMA23,['3529']
2020-12-08,TOWERWithMACD_EMA67,"['3529', '3611', '6217']"
2020-12-08,TOWERWithMACD_EMA67_23,['3529']
2020-12-08,VolumeWithMACD,"['1742', '00631L', '6275', '3558', '2303', '1536', '00738U', '6191', '2356', '4919', '4915', '6156', '3508', '2448', '6412', '3005', '8011', '2332', '2385', '2419', '8163', '5403', '1560', '4167', '8240', '8234', '6143', '3527', '5011', '2344', '6578', '6182', '8155', '3272', '3693', '6023', '3583', '00692', '0050', '2363', '6150', '4971', '2354', '8091', '4961', '2382', '6716', '0056', '4956', '4760', '8027', '8403', '3646', '3698', '8215', '6114', '3059', '8415', '3706', '3581', '3373', '6494', '5351', '2439', '3122', '8150']"
2020-12-08,VolumeWithMACD_EMA67_23,"['00631L', '6275', '2303', '00738U', '6191', '2356', '6156', '2448', '6412', '8011', '2332', '2385', '2419', '1560', '8240', '8234', '6143', '3527', '5011', '2344', '6578', '6182', '8155', '3272', '3583', '00692', '0050', '2363', '6150', '4961', '0056', '4760', '8027', '3646', '3698', '8215', '6114', '3059', '3581', '5351', '3122']"
2020-12-08,VolumeWithMACD_EMA67_23_VOL5,"['00631L', '6275', '2303', '00738U', '6191', '2356', '6156', '2448', '6412', '8011', '2332', '2385', '2419', '1560', '8240', '8234', '6143', '3527', '5011', '2344', '6578', '6182', '8155', '3272', '3583', '00692', '0050', '2363', '6150', '4961', '0056', '4760', '8027', '3646', '3698', '8215', '6114', '3059', '3581', '5351', '3122']"
2020-12-08,VolumeWithMACD_EMA67_23_VOL5_67,"['6275', '8215', '6191', '2448', '3583', '6114', '4760', '8240', '3527', '3059', '6412', '8027', '5011', '00692', '8155', '3581', '8011', '3272', '2356', '1560', '2344', '0050', '2332', '2303', '6156', '3646', '6578', '2363', '8234', '2385', '5351', '4961', '6143', '0056', '3698', '3122', '00738U', '2419', '00631L', '6182', '6150']"
2020-12-08,VolumeWithMACD_EMA67_23_VOL67,"['00631L', '6275', '2303', '00738U', '6191', '2356', '6156', '2448', '6412', '8011', '2332', '2385', '2419', '1560', '8240', '8234', '6143', '3527', '5011', '2344', '6578', '6182', '8155', '3272', '3583', '00692', '0050', '2363', '6150', '4961', '0056', '4760', '8027', '3646', '3698', '8215', '6114', '3059', '3581', '5351', '3122']"
2020-12-09,DayTradeByRay,"['8234', '6129', '2344', '2609', '2353', '6016', '8043', '2409', '8054', '2641', '2605', '6156', '3071', '2312', '3481', '6116', '2323', '6275', '2603', '3122', '3508', '5498', '6015', '6127']"
2020-12-09,DayTrade_by_Queen,"['2492', '3152', '3707', '5011', '6716']"
2020-12-09,TOWERWithMACD,"['3576', '6246', '3605', '1582', '3376', '1730', '3548', '6208', '6125', '8442', '2239', '2450', '1507', '2636', '1516', '2459', '6202', '3324', '8342']"
2020-12-09,TOWERWithMACD_EMA23,"['3576', '3376', '3548', '6208', '2239', '2450', '1516', '2459', '6202']"
2020-12-09,TOWERWithMACD_EMA67,"['3576', '1582', '3376', '3548', '6208', '6125', '2239', '2450', '2636', '1516', '2459', '6202']"
2020-12-09,TOWERWithMACD_EMA67_23,"['6208', '2459', '2450', '3576', '2239', '6202', '1516', '3548', '3376']"
2020-12-09,VolumeWithMACD,"['00850', '3646', '8011', '2354', '6023', '3580', '6716', '8928', '4568', '8215', '00631L', '4961', '8234', '5347', '8027', '3006', '2439', '2332', '6578', '8155', '6112', '3231', '8240', '6191', '3059', '2360', '2324', '6156', '2382', '2455', '00708L', '3698', '2385', '4938', '3437', '4167', '6405', '3706', '1536', '3211', '3508', '5011', '8403', '4760', '6275', '0050', '3527', '4919', '6494', '6150', '6182', '00738U', '3707', '8150', '4728', '5403', '00692', '2356', '2235', '6525', '6114', '2448', '6217', '2317', '2344', '6640', '0056', '5285']"
2020-12-09,VolumeWithMACD_EMA67_23,"['00850', '8011', '6716', '8215', '00631L', '8027', '3006', '8155', '6191', '3059', '2360', '2324', '6156', '2455', '3698', '2385', '4938', '3437', '6405', '5011', '4760', '6275', '0050', '3527', '4919', '6182', '3707', '8150', '00692', '2356', '2235', '2448', '2317', '2344', '6640', '0056', '5285']"
2020-12-09,VolumeWithMACD_EMA67_23_VOL5,"['00850', '8011', '6716', '8215', '00631L', '8027', '3006', '8155', '6191', '3059', '2360', '2324', '6156', '2455', '3698', '2385', '4938', '3437', '6405', '5011', '4760', '6275', '0050', '3527', '4919', '6182', '3707', '8150', '00692', '2356', '2235', '2448', '2317', '2344', '6640', '0056', '5285']"
2020-12-09,VolumeWithMACD_EMA67_23_VOL5_67,"['00850', '2360', '2324', '3698', '5011', '6182', '2385', '8215', '6716', '6405', '2317', '2344', '8027', '3527', '3707', '8155', '00692', '8150', '6156', '8011', '4938', '6640', '2356', '3437', '4760', '2235', '3006', '6275', '2455', '0056', '0050', '2448', '5285', '6191', '00631L', '4919', '3059']"
2020-12-09,VolumeWithMACD_EMA67_23_VOL67,"['00850', '8011', '6716', '8215', '00631L', '8027', '3006', '8155', '6191', '3059', '2360', '2324', '6156', '2455', '3698', '2385', '4938', '3437', '6405', '5011', '4760', '6275', '0050', '3527', '4919', '6182', '3707', '8150', '00692', '2356', '2235', '2448', '2317', '2344', '6640', '0056', '5285']"
2020-12-10,DayTradeByRay,"['6125', '6127', '8054', '2371', '8111', '3122', '5498', '2014', '8096', '5351', '5014', '5009', '2344', '2609', '2409', '6156', '3615', '6207', '4157', '5315', '6116', '3481', '6509']"
2020-12-10,DayTrade_by_Queen,[]
2020-12-10,TOWERWithMACD,"['1467', '2008', '1709', '8403', '5306', '1444', '8932', '9914', '4109', '9949', '6438', '2705', '1592', '3444', '8114', '1210', '1515']"
2020-12-10,TOWERWithMACD_EMA23,"['1709', '1444', '6438', '3444', '1210']"
2020-12-10,TOWERWithMACD_EMA67,"['2008', '1709', '1444', '4109', '6438', '2705', '1210']"
2020-12-10,TOWERWithMACD_EMA67_23,"['1210', '1444', '6438', '1709']"
2020-12-10,VolumeWithMACD,"['3285', '8155', '8027', '1513', '4944', '3707', '6642', '5202', '2324', '6224', '8403', '4938', '1909', '2472', '6578', '2455', '8432', '6207', '4102', '2338', '3025', '2643', '2360', '6276', '8171', '6175', '5011', '6156', '6640', '8099', '2603', '4728', '6703', '4961', '6654', '3059']"
2020-12-10,VolumeWithMACD_EMA67_23,"['3285', '3707', '5202', '6224', '6578', '2455', '2338', '3025', '2643', '2360', '6276', '8171', '5011', '2603', '4728', '4961', '6654']"
2020-12-10,VolumeWithMACD_EMA67_23_VOL5,"['3285', '3707', '5202', '6224', '6578', '2455', '2338', '3025', '2643', '2360', '6276', '8171', '5011', '2603', '4728', '4961', '6654']"
2020-12-10,VolumeWithMACD_EMA67_23_VOL5_67,"['2360', '6276', '8171', '3025', '4728', '5011', '2643', '2338', '4961', '6654', '2603', '3285', '3707', '2455', '6578', '5202', '6224']"
2020-12-10,VolumeWithMACD_EMA67_23_VOL67,"['3285', '3707', '5202', '6224', '6578', '2455', '2338', '3025', '2643', '2360', '6276', '8171', '5011', '2603', '4728', '4961', '6654']"
2020-12-11,DayTradeByRay,"['3325', '6220', '8054', '6129', '2409', '1444', '6127', '5452', '3122', '3114', '1815', '3615', '2344', '2371', '2014', '3481', '3508', '8111', '2609', '8121', '6116', '5014', '6126', '5351', '3071']"
2020-12-11,DayTrade_by_Queen,"['3642', '6411']"
2020-12-11,TOWERWithMACD,"['8464', '6449', '8044', '4576']"
2020-12-11,TOWERWithMACD_EMA23,"['6449', '4576']"
2020-12-11,TOWERWithMACD_EMA67,"['6449', '4576']"
2020-12-11,TOWERWithMACD_EMA67_23,"['6449', '4576']"
2020-12-11,VolumeWithMACD,"['6703', '5202', '6155', '3588', '2371', '4961', '2643', '3019', '4944', '6248', '6276', '6224', '2436', '8403', '2338', '6151', '3141', '6569', '6642', '3071', '4728', '4938', '6227', '3548', '8044', '6411', '3419', '5487', '8171', '6175']"
2020-12-11,VolumeWithMACD_EMA67_23,"['3588', '2643', '4944', '6248', '6224', '2436', '6642', '6411', '3419', '5487']"
2020-12-11,VolumeWithMACD_EMA67_23_VOL5,"['3588', '2643', '4944', '6248', '6224', '2436', '6642', '6411', '3419', '5487']"
2020-12-11,VolumeWithMACD_EMA67_23_VOL5_67,"['3588', '2643', '3419', '2436', '6248', '6642', '5487', '6411', '6224', '4944']"
2020-12-11,VolumeWithMACD_EMA67_23_VOL67,"['3588', '2643', '4944', '6248', '6224', '2436', '6642', '6411', '3419', '5487']"
